date,value
1987-01-31,0.11
1987-02-28,-0.0067
1987-03-31,0.0176
1987-04-30,0.1453
1987-05-31,0.0088
1987-06-30,0.0017
1987-07-31,0.0479
1987-08-31,-0.0013
1987-09-30,-0.0075
1987-10-31,-0.0045
1987-11-30,0.0977
1987-12-31,0.0696
1988-01-31,-0.0367
1988-02-29,0.011
1988-03-31,-0.0019
1988-04-30,-0.0393
1988-05-31,0.0559
1988-06-30,0.1293
1988-07-31,-0.0176
1988-08-31,0.0078
1988-09-30,0.0066
1988-10-31,0.0222
1988-11-30,0.0007
1988-12-31,0.0105
1989-01-31,0.0337
1989-02-28,-0.036
1989-03-31,0.0255
1989-04-30,-0.017
1989-05-31,0.0731
1989-06-30,-0.0017
1989-07-31,0.0004
1989-08-31,-0.0392
1989-09-30,-0.0132
1989-10-31,-0.0302
1989-11-30,0.0131
1989-12-31,0.0311
1990-01-31,0.0008
1990-02-28,0.0044
1990-03-31,0.0123
1990-04-30,0.0299
1990-05-31,-0.0315
1990-06-30,0.0022
1990-07-31,0.0363
1990-08-31,0.0493
1990-09-30,0.0229
1990-10-31,0.0208
1990-11-30,0.0074
1990-12-31,-0.0094
1991-01-31,-0.0493
1991-02-28,0.0024
1991-03-31,0.0561
1991-04-30,0.0058
1991-05-31,-0.0238
1991-06-30,0.0287
1991-07-31,-0.0185
1991-08-31,-0.005
1991-09-30,0.0444
1991-10-31,-0.0146
1991-11-30,0.0146
1991-12-31,0.1063
1992-01-31,-0.0663
1992-02-29,-0.0232
1992-03-31,-0.003
1992-04-30,-0.0316
1992-05-31,0.0027
1992-06-30,0.0584
1992-07-31,0.074
1992-08-31,0.0515
1992-09-30,-0.0208
1992-10-31,-0.0047
1992-11-30,0.0129
1992-12-31,-0.0157
1993-01-31,-0.0091
1993-02-28,0.0687
1993-03-31,-0.0048
1993-04-30,0.0317
1993-05-31,0.0125
1993-06-30,0.0112
1993-07-31,0.0314
1993-08-31,-0.0015
1993-09-30,-0.0089
1993-10-31,-0.0092
1993-11-30,-0.0091
1993-12-31,0.0166
1994-01-31,-0.031
1994-02-28,-0.0215
1994-03-31,0.0209
1994-04-30,-0.0083
1994-05-31,0.0212
1994-06-30,0.0348
1994-07-31,-0.0199
1994-08-31,-0.0299
1994-09-30,0.0103
1994-10-31,0.0087
1994-11-30,0.0137
1994-12-31,-0.0065
1995-01-31,-0.0268
1995-02-28,0.0293
1995-03-31,0.0715
1995-04-30,0.0129
1995-05-31,0.0148
1995-06-30,-0.0158
1995-07-31,-0.0178
1995-08-31,0.02
1995-09-30,-0.0128
1995-10-31,0.0046
1995-11-30,0.0181
1995-12-31,0.0369
1996-01-31,0.0261
1996-02-29,-0.0495
1996-03-31,0.0007
1996-04-30,0.0374
1996-05-31,-0.017
1996-06-30,0.0034
1996-07-31,0.0002
1996-08-31,-0.0032
1996-09-30,0.028
1996-10-31,0.0523
1996-11-30,0.0478
1996-12-31,-0.0154
1997-01-31,0.0315
1997-02-28,0.0251
1997-03-31,0.0027
1997-04-30,-0.011
1997-05-31,-0.0131
1997-06-30,0.0094
1997-07-31,0.0497
1997-08-31,-0.0303
1997-09-30,0.0063
1997-10-31,-0.0008
1997-11-30,0.0158
1997-12-31,0.0209
1998-01-31,0.0083
1998-02-28,-0.0121
1998-03-31,0.0185
1998-04-30,-0.0313
1998-05-31,0.023
1998-06-30,0.0027
1998-07-31,0.0016
1998-08-31,0.0554
1998-09-30,0.046
1998-10-31,0.0181
1998-11-30,-0.0238
1998-12-31,0.0216
1999-01-31,-0.0201
1999-02-28,0.0241
1999-03-31,-0.0066
1999-04-30,0.0252
1999-05-31,-0.0093
1999-06-30,0.0305
1999-07-31,-0.0163
1999-08-31,0.0099
1999-09-30,-0.0001
1999-10-31,-0.0371
1999-11-30,0.0155
1999-12-31,0.0028
2000-01-31,0.0071
2000-02-29,-0.019
2000-03-31,-0.0251
2000-04-30,-0.0255
2000-05-31,0.0024
2000-06-30,-0.0174
2000-07-31,-0.0131
2000-08-31,0.004
2000-09-30,-0.0284
2000-10-31,0.0205
2000-11-30,0.0687
2000-12-31,0.0983
2001-01-31,0.0064
2001-02-28,0.0013
2001-03-31,0.0516
2001-04-30,-0.042
2001-05-31,0.005
2001-06-30,-0.0085
2001-07-31,-0.0048
2001-08-31,0.0205
2001-09-30,0.0252
2001-10-31,0.0384
2001-11-30,-0.0696
2001-12-31,0.0205
2002-01-31,-0.005
2002-02-28,-0.0287
2002-03-31,0.0021
2002-04-30,-0.0172
2002-05-31,0.0291
2002-06-30,0.0729
2002-07-31,0.0358
2002-08-31,0.0217
2002-09-30,0.0339
2002-10-31,-0.0406
2002-11-30,-0.0257
2002-12-31,0.0576
2003-01-31,0.0522
2003-02-28,0.0561
2003-03-31,-0.058
2003-04-30,0.0161
2003-05-31,0.0553
2003-06-30,-0.0242
2003-07-31,-0.0181
2003-08-31,0.0199
2003-09-30,-0.0049
2003-10-31,0.0236
2003-11-30,-0.0043
2003-12-31,0.0384
2004-01-31,0.0071
2004-02-29,0.0392
2004-03-31,-0.0083
2004-04-30,-0.0428
2004-05-31,-0.0137
2004-06-30,-0.0272
2004-07-31,-0.0101
2004-08-31,-0.012
2004-09-30,0.003
2004-10-31,0.0305
2004-11-30,0.0411
2004-12-31,0.0055
2005-01-31,-0.0287
2005-02-28,0.0098
2005-03-31,0.002
2005-04-30,-0.0218
2005-05-31,0.0145
2005-06-30,0.02
2005-07-31,-0.0024
2005-08-31,-0.0001
2005-09-30,0.0183
2005-10-31,0.0016
2005-11-30,0.0271
2005-12-31,-0.0114
2006-01-31,0.0111
2006-02-28,-0.0059
2006-03-31,0.0213
2006-04-30,0.0243
2006-05-31,-0.0174
2006-06-30,-0.0111
2006-07-31,-0.0139
2006-08-31,-0.0041
2006-09-30,-0.0029
2006-10-31,0.0123
2006-11-30,0.0213
2006-12-31,0.0208
2007-01-31,0.0112
2007-02-28,-0.0163
2007-03-31,-0.011
2007-04-30,0.0235
2007-05-31,0.026
2007-06-30,0.0171
2007-07-31,-0.012
2007-08-31,-0.0279
2007-09-30,0.0347
2007-10-31,0.0242
2007-11-30,-0.0011
2007-12-31,0.007
2008-01-31,0.0183
2008-02-29,0.0477
2008-03-31,-0.0024
2008-04-30,-0.0145
2008-05-31,0.0122
2008-06-30,0.0222
2008-07-31,-0.022
2008-08-31,-0.0191
2008-09-30,-0.0004
2008-10-31,0.0491
2008-11-30,0.0236
2008-12-31,0.0163
2009-01-31,0.0016
2009-02-28,0.0004
2009-03-31,-0.0195
2009-04-30,-0.0164
2009-05-31,0.0098
2009-06-30,-0.0166
2009-07-31,-0.0037
2009-08-31,0.0039
2009-09-30,0.0143
2009-10-31,-0.0169
2009-11-30,0.0209
2009-12-31,-0.0253
2010-01-31,-0.0198
2010-02-28,0.0069
2010-03-31,0.0197
2010-04-30,0.0086
2010-05-31,-0.024
2010-06-30,-0.0038
2010-07-31,-0.0069
2010-08-31,0.0314
2010-09-30,0.0165
2010-10-31,0.0205
2010-11-30,-0.0177
2010-12-31,0.0329
2011-01-31,-0.0116
2011-02-28,0.0046
2011-03-31,-0.0133
2011-04-30,0.0226
2011-05-31,-0.026
2011-06-30,-0.0108
2011-07-31,0.0194
2011-08-31,-0.0039
2011-09-30,0.0009
2011-10-31,-0.0241
2011-11-30,0.0001
2011-12-31,0.0
2012-01-31,0.0058
2012-02-29,0.006
2012-03-31,-0.0172
2012-04-30,0.0037
2012-05-31,0.018
2012-06-30,-0.0174
2012-07-31,0.0229
2012-08-31,-0.0139
2012-09-30,-0.0089
2012-10-31,-0.024
2012-11-30,0.0031
2012-12-31,0.0046
2013-01-31,0.0142
2013-02-28,0.0027
2013-03-31,0.0023
2013-04-30,0.0152
2013-05-31,-0.014
2013-06-30,-0.0153
2013-07-31,-0.0114
2013-08-31,-0.012
2013-09-30,-0.0044
2013-10-31,0.0121
2013-11-30,0.0108
2013-12-31,0.0081
2014-01-31,-0.01
2014-02-28,-0.0022
2014-03-31,-0.0008
2014-04-30,0.0033
2014-05-31,0.0148
2014-06-30,0.0003
2014-07-31,-0.0073
2014-08-31,0.0264
2014-09-30,0.0186
2014-10-31,0.0126
2014-11-30,0.052
2014-12-31,0.0108
2015-01-31,0.0404
2015-02-28,-0.006
2015-03-31,0.0146
2015-04-30,-0.0282
2015-05-31,-0.0068
2015-06-30,-0.0438
2015-07-31,0.0247
2015-08-31,-0.019
2015-09-30,0.0173
2015-10-31,-0.0116
2015-11-30,0.0288
2015-12-31,-0.0161
2016-01-31,0.0287
2016-02-29,0.0229
2016-03-31,-0.0289
2016-04-30,-0.0214
2016-05-31,-0.0159
2016-06-30,0.0209
2016-07-31,0.0145
2016-08-31,-0.0212
2016-09-30,-0.0169
2016-10-31,-0.0216
2016-11-30,-0.0083
2016-12-31,0.0041
2017-01-31,-0.0142
2017-02-28,0.0057
2017-03-31,-0.0092
2017-04-30,-0.0057
2017-05-31,0.0011
2017-06-30,-0.026
2017-07-31,0.0063
2017-08-31,0.0187
2017-09-30,-0.02
2017-10-31,0.0308
2017-11-30,-0.0029
2017-12-31,0.0086
2018-01-31,0.0302
2018-02-28,-0.0559
2018-03-31,0.0018
2018-04-30,0.0036
2018-05-31,-0.0213
2018-06-30,0.0059
2018-07-31,-0.0054
2018-08-31,0.0164
2018-09-30,0.0008
2018-10-31,-0.0234
2018-11-30,-0.0038
2018-12-31,0.0067
2019-01-31,-0.0174
2019-02-28,0.0051
2019-03-31,0.0298
2019-04-30,0.0317
2019-05-31,-0.0167
2019-06-30,0.0208
2019-07-31,0.0305
2019-08-31,0.0377
2019-09-30,-0.0307
2019-10-31,-0.0263
2019-11-30,0.0074
2019-12-31,-0.0038
2020-01-31,0.0014
2020-02-29,-0.0132
2020-03-31,-0.0107
2020-04-30,0.0029
2020-05-31,-0.0036
2020-06-30,-0.0052
2020-07-31,0.0304
2020-08-31,-0.0012
2020-09-30,-0.0142
2020-10-31,-0.0048
2020-11-30,0.0264
2020-12-31,0.0423
2021-01-31,-0.0104
2021-02-28,0.0289
2021-03-31,0.0085
2021-04-30,0.0237
2021-05-31,0.0206
2021-06-30,-0.0112
2021-07-31,0.012
2021-08-31,0.0019
2021-09-30,0.0061
2021-10-31,0.0319
2021-11-30,-0.0233
2021-12-31,0.0085
2022-01-31,0.0166
2022-02-28,0.0118
2022-03-31,0.0612
2022-04-30,0.0518
2022-05-31,0.0029
2022-06-30,0.0111
2022-07-31,-0.0318
2022-08-31,0.0149
2022-09-30,0.0408
2022-10-31,0.0104
2022-11-30,-0.0497
2022-12-31,0.0049
2023-01-31,-0.0005
2023-02-28,0.013
2023-03-31,-0.0495
2023-04-30,0.0155
2023-05-31,0.0055
2023-06-30,0.0134
2023-07-31,0.0048
2023-08-31,-0.0065
2023-09-30,0.0313
2023-10-31,-0.0062
2023-11-30,-0.0276
2023-12-31,-0.0095
2024-01-31,0.0117
2024-02-29,0.0465
2024-03-31,0.0337
2024-04-30,0.0176
2024-05-31,-0.0224
2024-06-30,-0.0165
2024-07-31,-0.0144
2024-08-31,-0.0246
2024-09-30,0.0127
2024-10-31,-0.0241
2024-11-30,0.0241
2024-12-31,0.0126
2025-01-31,0.0133
2025-02-28,-0.0176
2025-03-31,0.0065
2025-04-30,-0.0335
2025-05-31,-0.016
2025-06-30,0.016
2025-07-31,-0.0101
2025-08-31,0.0132
2025-09-30,0.0345
2025-10-31,0.0112
2025-11-30,0.0027
2025-12-31,0.012
2026-01-31,0.0527
2026-02-28,0.0378
2026-03-31,-0.0148
2026-04-30,0.0202
2026-05-31,0.003
2026-06-30,-0.0144
2026-07-31,-0.0063
