date,VOO,QQQ,VEA,IEMG,IEF,SCHP,SGOL,BENCH_US,BENCH_INTL,BENCH_BOND,SGOV,CAOS,DBMF
1975-02-28,,,,,,,,,,,0.004733,0.004733,
1975-03-31,,,,,,,,,,,0.004500,0.004500,
1975-04-30,,,,,,,,,,,0.004608,0.004608,
1975-05-31,,,,,,,,,,,0.004583,0.004583,
1975-06-30,,,,,,,,,,,0.004333,0.004333,
1975-07-31,,,,,,,,,,,0.004883,0.004883,
1975-08-31,,,,,,,,,,,0.005208,0.005208,
1975-09-30,,,,,,,,,,,0.005300,0.005300,
1975-10-31,,,,,,,,,,,0.005483,0.005483,
1975-11-30,,,,,,,,,,,0.004592,0.004592,
1975-12-31,,,,,,,,,,,0.004617,0.004617,
1976-01-31,,,,,,,,,,,0.004333,0.004333,
1976-02-29,,,,,,,,,,,0.003942,0.003942,
1976-03-31,,,,,,,,,,,0.004167,0.004167,
1976-04-30,,,,,,,,,,,0.004142,0.004142,
1976-05-31,,,,,,,,,,,0.004092,0.004092,
1976-06-30,,,,,,,,,,,0.004575,0.004575,
1976-07-31,,,,,,,,,,,0.004475,0.004475,
1976-08-31,,,,,,,,,,,0.004308,0.004308,
1976-09-30,,,,,,,,,,,0.004242,0.004242,
1976-10-31,,,,,,,,,,,0.004217,0.004217,
1976-11-30,,,,,,,,,,,0.004075,0.004075,
1976-12-31,,,,,,,,,,,0.003683,0.003683,
1977-01-31,,,,,,,,,,,0.003617,0.003617,
1977-02-28,,,,,,,,,,,0.003933,0.003933,
1977-03-31,,,,,,,,,,,0.003917,0.003917,
1977-04-30,,,,,,,,,,,0.003783,0.003783,
1977-05-31,,,,,,,,,,,0.003908,0.003908,
1977-06-30,,,,,,,,,,,0.004192,0.004192,
1977-07-31,,,,,,,,,,,0.004150,0.004150,
1977-08-31,,,,,,,,,,,0.004500,0.004500,
1977-09-30,,,,,,,,,,,0.004633,0.004633,
1977-10-31,,,,,,,,,,,0.004908,0.004908,
1977-11-30,,,,,,,,,,,0.005150,0.005150,
1977-12-31,,,,,,,,,,,0.005033,0.005033,
1978-01-31,,,,,,,,,,,0.005108,0.005108,
1978-02-28,,,,,,,,,,,0.005350,0.005350,
1978-03-31,,,,,,,,,,,0.005350,0.005350,
1978-04-30,,,,,,,,,,,0.005392,0.005392,
1978-05-31,,,,,,,,,,,0.005292,0.005292,
1978-06-30,,,,,,,,,,,0.005542,0.005542,
1978-07-31,,,,,,,,,,,0.005842,0.005842,
1978-08-31,,,,,,,,,,,0.005633,0.005633,
1978-09-30,,,,,,,,,,,0.006283,0.006283,
1978-10-31,,,,,,,,,,,0.006650,0.006650,
1978-11-30,,,,,,,,,,,0.007292,0.007292,
1978-12-31,,,,,,,,,,,0.007508,0.007508,
1979-01-31,,,,,,,,,,,0.007717,0.007717,
1979-02-28,,,,,,,,,,,0.007742,0.007742,
1979-03-31,,,,,,,,,,,0.007875,0.007875,
1979-04-30,,,,,,,,,,,0.007867,0.007867,
1979-05-31,,,,,,,,,,,0.007967,0.007967,
1979-06-30,,,,,,,,,,,0.007975,0.007975,
1979-07-31,,,,,,,,,,,0.007458,0.007458,
1979-08-31,,,,,,,,,,,0.007650,0.007650,
1979-09-30,,,,,,,,,,,0.008175,0.008175,
1979-10-31,,,,,,,,,,,0.008433,0.008433,
1979-11-30,,,,,,,,,,,0.010100,0.010100,
1979-12-31,,,,,,,,,,,0.009575,0.009575,
1980-01-31,,,,,,,,,,,0.010033,0.010033,
1980-02-29,0.003868,,,,,,,0.003868,,,0.010000,0.010000,
1980-03-31,-0.097906,,,,,,,-0.097906,,,0.011675,0.011675,
1980-04-30,0.043228,,,,,,,0.043228,,,0.011867,0.011867,
1980-05-31,0.055249,,,,,,,0.055248,,,0.008658,0.008658,
1980-06-30,0.027963,,,,,,,0.027963,,,0.006458,0.006458,
1980-07-31,0.066239,,,,,,,0.066238,,,0.006567,0.006567,
1980-08-31,0.012665,,,,,,,0.012667,,,0.007183,0.007183,
1980-09-30,0.026949,,,,,,,0.026948,,,0.008300,0.008300,
1980-10-31,0.019906,,,,,,,0.019907,,,0.009533,0.009533,
1980-11-30,0.109644,,,,,,,0.109644,,,0.010592,0.010592,
1980-12-31,-0.059412,,,,,,,-0.059411,,,0.012067,0.012067,
1981-01-31,-0.044282,,,,,,,-0.044283,,,0.011917,0.011917,
1981-02-28,0.021115,,,,,,,0.021114,,,0.012158,0.012158,
1981-03-31,0.037317,,,,,,,0.037318,,,0.011850,0.011850,
1981-04-30,-0.021812,,,,,,,-0.021812,,,0.010383,0.010383,
1981-05-31,0.006290,,,,,,,0.006289,,,0.012383,0.012383,
1981-06-30,-0.008576,,,,,,,-0.008575,,,0.012583,0.012583,
1981-07-31,0.000000,,,,,,,0.000000,,,0.011900,0.011900,
1981-08-31,-0.054430,,,,,,,-0.054430,,,0.012392,0.012392,
1981-09-30,-0.050192,,,,,,,-0.050193,,,0.012933,0.012933,
1981-10-31,0.052185,,,,,,,0.052185,,,0.011950,0.011950,
1981-11-30,0.044017,,,,,,,0.044018,,,0.010625,0.010625,
1981-12-31,-0.061733,,,,,,,-0.061733,,,0.008642,0.008642,
1982-01-31,-0.014820,,,,,,,-0.014820,,,0.009233,0.009233,
1982-02-28,-0.051014,,,,,,,-0.051013,,,0.010433,0.010433,
1982-03-31,-0.006927,,,,,,,-0.006926,,,0.010367,0.010367,
1982-04-30,0.041462,,,,,,,0.041461,,,0.011050,0.011050,
1982-05-31,-0.028341,,,,,,,-0.028341,,,0.010283,0.010283,
1982-06-30,-0.016043,,,,,,,-0.016043,,,0.009583,0.009583,
1982-07-31,-0.022159,,,,,,,-0.022159,,,0.010633,0.010633,
1982-08-31,0.124269,,,,,,,0.124269,,,0.008475,0.008475,
1982-09-30,0.010099,,,,,,,0.010100,,,0.007017,0.007017,
1982-10-31,0.111328,,,,,,,0.111327,,,0.006350,0.006350,
1982-11-30,0.042178,,,,,,,0.042180,,,0.006583,0.006583,
1982-12-31,0.002975,,,,,,,0.002974,,,0.006900,0.006900,
1983-01-31,0.034168,,,,,,,0.034168,,,0.006600,0.006600,
1983-02-28,0.024780,,,,,,,0.024780,,,0.006750,0.006750,
1983-03-31,0.034998,,,,,,,0.034999,,,0.006608,0.006608,
1983-04-30,0.075996,,,,,,,0.075995,,,0.007200,0.007200,
1983-05-31,-0.008768,,,,,,,-0.008767,,,0.006733,0.006733,
1983-06-30,0.037330,,,,,,,0.037329,,,0.007192,0.007192,
1983-07-31,-0.032489,,,,,,,-0.032488,,,0.007325,0.007325,
1983-08-31,0.018271,,,,,,,0.018272,,,0.007683,0.007683,
1983-09-30,0.012488,,,,,,,0.012488,,,0.007717,0.007717,
1983-10-31,-0.014009,,,,,,,-0.014009,,,0.007258,0.007258,
1983-11-30,0.022538,,,,,,,0.022538,,,0.007092,0.007092,
1983-12-31,-0.040777,,,,,,,-0.040777,,,0.007400,0.007400,
1984-01-31,-0.005075,,,,,,,-0.005076,,,0.007475,0.007475,
1984-02-29,-0.033163,,,,,,,-0.033163,,,0.007408,0.007408,
1984-03-31,0.016469,,,,,,,0.016469,,,0.007617,0.007617,
1984-04-30,0.006814,,,,,,,0.006813,,,0.008100,0.008100,
1984-05-31,-0.053618,,,,,,,-0.053618,,,0.008100,0.008100,
1984-06-30,0.022105,,,,,,,0.022105,,,0.008125,0.008125,
1984-07-31,-0.014674,,,,,,,-0.014674,,,0.008267,0.008267,
1984-08-31,0.111970,,,,,,,0.111970,,,0.008667,0.008667,
1984-09-30,-0.000045,,,,,,,-0.000045,,,0.008858,0.008858,
1984-10-31,0.002502,,,,,,,0.002502,,,0.008517,0.008517,
1984-11-30,-0.009985,,,,,,,-0.009984,,,0.007508,0.007508,
1984-12-31,0.001254,,,,,,,0.001254,,,0.007033,0.007033,
1985-01-31,0.075819,,,,,,,0.075819,,,0.006542,0.006542,
1985-02-28,0.013810,,,,,,,0.013810,,,0.006708,0.006708,
1985-03-31,0.000053,,,,,,,0.000053,,,0.007083,0.007083,
1985-04-30,-0.002842,,,,,,,-0.002842,,,0.006817,0.006817,
1985-05-31,0.060333,,,,,,,0.060332,,,0.006542,0.006542,
1985-06-30,0.014359,,,,,,,0.014358,,,0.005950,0.005950,
1985-07-31,-0.002226,,,,,,,-0.002226,,,0.005692,0.005692,
1985-08-31,-0.006694,,,,,,,-0.006693,,,0.006067,0.006067,
1985-09-30,-0.031408,,,,,,,-0.031409,,,0.005950,0.005950,
1985-10-31,0.043966,,,,,,,0.043967,,,0.005867,0.005867,
1985-11-30,0.069445,0.091618,,,,,,0.069445,,,0.005992,0.005992,
1985-12-31,-0.022129,0.049461,,,,,,-0.022129,,,0.005967,0.005967,
1986-01-31,0.004350,0.004762,,,,,,0.004350,,,0.005875,0.005875,
1986-02-28,0.075790,0.056423,,,,,,0.075790,,,0.005808,0.005808,
1986-03-31,0.054801,0.060068,,,,,,0.054800,,,0.005850,0.005850,
1986-04-30,-0.013450,0.040642,,,,,,-0.013451,,,0.005283,0.005283,
1986-05-31,0.054538,0.053257,,,,,,0.054538,,,0.005083,0.005083,
1986-06-30,0.016682,-0.003340,,,,,,0.016683,,,0.005250,0.005250,
1986-07-31,-0.057424,-0.110137,,,,,,-0.057425,,,0.004967,0.004967,
1986-08-31,0.074505,0.048340,,,,,,0.074506,,,0.004825,0.004825,
1986-09-30,-0.083022,-0.093639,,,,,,-0.083021,,,0.004308,0.004308,
1986-10-31,0.056327,0.050802,,,,,,0.056327,,,0.004333,0.004333,
1986-11-30,0.025536,0.023948,,,,,,0.025535,,,0.004333,0.004333,
1986-12-31,-0.098788,-0.044173,,,,,,-0.098788,,,0.004492,0.004492,
1987-01-31,0.132674,0.178707,,,,,,0.132674,,0.013018,0.004725,0.004725,0.110000
1987-02-28,0.039652,0.096445,,,,,,0.039651,,0.005474,0.004667,0.004667,-0.006700
1987-03-31,0.028499,0.018003,,,,,,0.028499,,-0.006435,0.004542,0.004542,0.017600
1987-04-30,-0.009925,-0.006504,,,,,,-0.009925,,-0.031850,0.004675,0.004675,0.145300
1987-05-31,0.010370,0.021317,,,,,,0.010370,,-0.003969,0.004608,0.004608,0.008800
1987-06-30,0.050229,0.002490,,,,,,0.050229,,0.014253,0.004733,0.004733,0.001700
1987-07-31,0.049148,0.037571,,,,,,0.049149,,-0.001101,0.004775,0.004775,0.047900
1987-08-31,0.038414,0.067354,,,,,,0.038412,,-0.007644,0.005058,0.005058,-0.001300
1987-09-30,-0.022828,-0.019420,,,,,,-0.022827,,-0.022448,0.005208,0.005208,-0.007500
1987-10-31,-0.217271,-0.269750,,,,,,-0.217270,,0.035031,0.005508,0.005508,-0.004500
1987-11-30,-0.081850,-0.086260,,,,,,-0.081850,,0.006990,0.004392,0.004392,0.097700
1987-12-31,0.075451,0.139471,,,,,,0.075450,,0.016395,0.004342,0.004342,0.069600
1988-01-31,0.041830,0.018432,,,,,,0.041830,,0.030986,0.004733,0.004733,-0.036700
1988-02-29,0.045901,0.084899,,,,,,0.045901,,0.011901,0.004700,0.004700,0.011000
1988-03-31,-0.030359,0.003591,,,,,,-0.030359,,-0.011407,0.004683,0.004683,-0.001900
1988-04-30,0.010129,0.015353,,,,,,0.010129,,-0.005473,0.004758,0.004758,-0.039300
1988-05-31,0.008098,-0.014637,,,,,,0.008100,,-0.009586,0.004983,0.004983,0.055900
1988-06-30,0.045640,0.090455,,,,,,0.045639,,0.026871,0.005358,0.005358,0.129300
1988-07-31,-0.003683,-0.041608,,,,,,-0.003684,,-0.004713,0.005467,0.005467,-0.017600
1988-08-31,-0.034011,-0.056111,,,,,,-0.034011,,0.001834,0.005792,0.005792,0.007800
1988-09-30,0.042576,0.048949,,,,,,0.042575,,0.021903,0.006083,0.006083,0.006600
1988-10-31,0.027346,-0.025562,,,,,,0.027347,,0.014667,0.006042,0.006042,0.022200
1988-11-30,-0.014748,-0.032012,,,,,,-0.014748,,-0.008514,0.006133,0.006133,0.000700
1988-12-31,0.017590,0.048615,,,,,,0.017590,,0.004611,0.006525,0.006525,0.010500
1989-01-31,0.073216,0.051068,,,,,,0.073216,,0.008760,0.006750,0.006750,0.033700
1989-02-28,-0.024683,-0.014372,,,,,,-0.024683,,-0.006113,0.006992,0.006992,-0.036000
1989-03-31,0.022634,0.011317,,,,,,0.022633,,0.002589,0.007258,0.007258,0.025500
1989-04-30,0.051844,0.078550,,,,,,0.051845,,0.019856,0.007417,0.007417,-0.017000
1989-05-31,0.040358,0.070210,,,,,,0.040357,,0.025458,0.007008,0.007008,0.073100
1989-06-30,-0.005906,-0.046424,,,,,,-0.005906,,0.029328,0.007175,0.007175,-0.001700
1989-07-31,0.090061,0.047364,,,,,,0.090062,,0.021915,0.006658,0.006658,0.000400
1989-08-31,0.018589,0.036075,,,,,,0.018589,,-0.016003,0.006500,0.006500,-0.039200
1989-09-30,-0.003980,0.019752,,,,,,-0.003979,,0.004811,0.006575,0.006575,-0.013200
1989-10-31,-0.023392,-0.016675,,,,,,-0.023392,,0.024698,0.006592,0.006592,-0.030200
1989-11-30,0.020360,0.008220,,,,,,0.020360,,0.007545,0.006475,0.006475,0.013100
1989-12-31,0.023967,-0.002718,,,,,,0.023967,,0.007433,0.006325,0.006325,0.031100
1990-01-31,-0.067181,-0.097818,,,,,,-0.067182,,-0.018897,0.006292,0.006292,0.000800
1990-02-28,0.012747,0.029588,,,,,,0.012746,,0.007519,0.006450,0.006450,0.004400
1990-03-31,0.026084,0.025155,,,,,,0.026084,,0.000798,0.006475,0.006475,0.012300
1990-04-30,-0.025016,-0.034390,,,,,,-0.025015,,-0.009026,0.006500,0.006500,0.029900
1990-05-31,0.096927,0.147390,,,,,,0.096927,,0.028651,0.006492,0.006492,-0.031500
1990-06-30,-0.006555,0.009782,,,,,,-0.006555,,0.016081,0.006458,0.006458,0.002200
1990-07-31,-0.003507,-0.063218,,,,,,-0.003507,,0.012687,0.006450,0.006450,0.036300
1990-08-31,-0.090322,-0.133268,,,,,,-0.090323,,-0.012075,0.006242,0.006242,0.049300
1990-09-30,-0.049044,-0.085531,,,,,,-0.049044,,0.007306,0.006158,0.006158,0.022900
1990-10-31,-0.004093,-0.025416,,,,,,-0.004093,,0.014964,0.005950,0.005950,0.020800
1990-11-30,0.064384,0.116050,,,,,,0.064383,,0.022348,0.005925,0.005925,0.007400
1990-12-31,0.026985,0.041282,,,,,,0.026985,,0.014626,0.005850,0.005850,-0.009400
1991-01-31,0.043534,0.159054,,,,,,0.043534,,0.011214,0.005367,0.005367,-0.049300
1991-02-28,0.071166,0.076111,,,,,,0.071166,,0.007869,0.005158,0.005158,0.002400
1991-03-31,0.024034,0.059133,,,,,,0.024034,,0.006933,0.005033,0.005033,0.056100
1991-04-30,0.001972,-0.004719,,,,,,0.001971,,0.009998,0.004783,0.004783,0.005800
1991-05-31,0.042721,0.058201,,,,,,0.042721,,0.006776,0.004592,0.004592,-0.023800
1991-06-30,-0.045557,-0.088907,,,,,,-0.045557,,-0.000565,0.004608,0.004608,0.028700
1991-07-31,0.046267,0.070654,,,,,,0.046268,,0.013225,0.004617,0.004617,-0.018500
1991-08-31,0.023331,0.056034,,,,,,0.023332,,0.020481,0.004608,0.004608,-0.005000
1991-09-30,-0.016689,0.000452,,,,,,-0.016690,,0.020244,0.004442,0.004442,0.044400
1991-10-31,0.013276,0.017285,,,,,,0.013276,,0.009598,0.004258,0.004258,-0.014600
1991-11-30,-0.040107,-0.026376,,,0.010041,0.010041,,-0.040107,,0.007521,0.004017,0.004017,0.014600
1991-12-31,0.113929,0.161751,,,0.037390,0.037391,,0.113929,,0.030552,0.003625,0.003625,0.106300
1992-01-31,-0.018570,0.022548,,,-0.021457,-0.021457,,-0.018570,,-0.013557,0.003233,0.003233,-0.066300
1992-02-29,0.012442,0.022361,,,0.005255,0.005254,,0.012442,,0.006400,0.003200,0.003200,-0.023200
1992-03-31,-0.019253,-0.066006,,,-0.009095,-0.009096,,-0.019253,,-0.004971,0.003275,0.003275,-0.003000
1992-04-30,0.029142,-0.047021,,,0.005703,0.005705,,0.029141,,0.007173,0.003375,0.003375,-0.031600
1992-05-31,0.004847,0.024151,,,0.021859,0.021859,,0.004847,,0.018549,0.003083,0.003083,0.002700
1992-06-30,-0.014916,-0.044609,,,0.018261,0.018260,,-0.014915,,0.013198,0.003083,0.003083,0.058400
1992-07-31,0.040436,0.032085,,,0.030799,0.030799,,0.040435,,0.019185,0.002975,0.002975,0.074000
1992-08-31,-0.020678,-0.037424,,,0.012026,0.012027,,-0.020678,,0.009833,0.002650,0.002650,0.051500
1992-09-30,0.011711,0.046531,,,0.017377,0.017377,,0.011712,,0.012676,0.002633,0.002633,-0.020800
1992-10-31,0.003287,0.050992,,,-0.017134,-0.017135,,0.003288,,-0.012151,0.002242,0.002242,-0.004700
1992-11-30,0.034022,0.066245,,,-0.006144,-0.006143,,0.034021,,-0.000119,0.002467,0.002467,0.012900
1992-12-31,0.019245,0.026285,,,0.018045,0.018046,,0.019244,,0.014842,0.002725,0.002725,-0.015700
1993-01-31,0.000970,0.028805,,,0.027218,0.027216,,0.000970,,0.017859,0.002567,0.002567,-0.009100
1993-02-28,0.013559,-0.052407,,,0.024215,0.024215,,0.013559,,0.019853,0.002417,0.002417,0.068700
1993-03-31,0.021067,0.023580,,,0.004025,0.004023,,0.021067,,0.003679,0.002458,0.002458,-0.004800
1993-04-30,-0.024241,-0.054185,,,0.009295,0.009295,,-0.024242,,0.007437,0.002408,0.002408,0.031700
1993-05-31,0.026532,0.082852,,,-0.001434,-0.001434,,0.026532,,0.001406,0.002425,0.002425,0.012500
1993-06-30,0.002642,-0.005392,,,0.021990,0.021991,,0.002643,,0.018065,0.002550,0.002550,0.011200
1993-07-31,-0.004241,-0.036217,,,0.000287,0.000285,,-0.004240,,0.006091,0.002525,0.002525,0.031400
1993-08-31,0.037852,0.056070,,,0.021800,0.021801,,0.037852,,0.016932,0.002525,0.002525,-0.001500
1993-09-30,-0.007909,0.027009,,,0.006207,0.006206,,-0.007908,,0.003977,0.002508,0.002508,-0.008900
1993-10-31,0.020785,0.021609,,,0.000984,0.000984,,0.020785,,0.003115,0.002433,0.002433,-0.009200
1993-11-30,-0.009955,-0.010806,,,-0.011610,-0.011610,,-0.009955,,-0.009680,0.002525,0.002525,-0.009100
1993-12-31,0.012240,0.029786,,,-0.030687,-0.030685,,0.012241,,0.004894,0.002617,0.002617,0.016600
1994-01-31,0.033767,0.039445,,,0.014860,0.014859,,0.033767,,0.013936,0.002500,0.002500,-0.031000
1994-02-28,-0.027146,-0.004396,,,-0.024556,-0.024555,,-0.027146,,-0.018794,0.002475,0.002475,-0.021500
1994-03-31,-0.043888,-0.070869,,,-0.028721,-0.028722,,-0.043888,,-0.021975,0.002800,0.002800,0.020900
1994-04-30,0.012900,-0.025355,,,-0.009236,-0.009235,,0.012900,,-0.008277,0.002892,0.002892,-0.008300
1994-05-31,0.016038,0.015003,,,0.001811,0.001809,,0.016037,,0.000123,0.003217,0.003217,0.021200
1994-06-30,-0.024449,-0.048964,,-0.043438,-0.003301,-0.003299,,-0.024449,,-0.001789,0.003475,0.003475,0.034800
1994-07-31,0.032767,0.027366,,0.079470,0.017123,0.017123,,0.032767,,0.018504,0.003450,0.003450,-0.019900
1994-08-31,0.040760,0.074941,,0.124452,0.003022,0.003021,,0.040760,,0.001517,0.003558,0.003558,-0.029900
1994-09-30,-0.024479,-0.010178,,0.003118,-0.017850,-0.017851,,-0.024480,,-0.014429,0.003800,0.003800,0.010300
1994-10-31,0.022467,0.048749,,-0.015541,-0.002628,-0.002628,,0.022467,,-0.000611,0.003892,0.003892,0.008700
1994-11-30,-0.036547,-0.019925,,-0.060773,-0.003772,-0.003772,,-0.036547,,-0.001799,0.004183,0.004183,0.013700
1994-12-31,0.014563,-0.001359,,-0.080539,0.007942,0.007943,,0.014563,,0.008123,0.004625,0.004625,-0.006500
1995-01-31,0.025832,0.002622,,-0.106715,0.019466,0.019465,,0.025832,,0.019022,0.004608,0.004608,-0.026800
1995-02-28,0.038794,0.067032,,0.004119,0.025854,0.025854,,0.038793,,0.021776,0.004867,0.004867,0.029300
1995-03-31,0.029540,0.033873,,-0.010256,0.005750,0.005749,,0.029541,,0.006806,0.004792,0.004792,0.071500
1995-04-30,0.029412,0.050117,,0.051813,0.015587,0.015586,,0.029412,,0.013149,0.004750,0.004750,0.012900
1995-05-31,0.039545,0.039484,,0.076847,0.047451,0.047453,,0.039544,,0.039535,0.004742,0.004742,0.014800
1995-06-30,0.023104,0.102295,,-0.005489,0.008154,0.008153,,0.023104,,0.006649,0.004692,0.004692,-0.015800
1995-07-31,0.033039,0.057339,,0.028519,-0.006050,-0.006050,,0.033040,,-0.002495,0.004525,0.004525,-0.017800
1995-08-31,0.002650,0.013869,,-0.024150,0.013134,0.013134,,0.002650,,0.011814,0.004517,0.004517,0.020000
1995-09-30,0.042113,0.014408,,0.001833,0.009024,0.009025,,0.042113,,0.009512,0.004392,0.004392,-0.012800
1995-10-31,-0.003637,0.023416,,-0.043000,0.017732,0.017730,,-0.003637,,0.014727,0.004367,0.004367,0.004600
1995-11-30,0.043803,-0.008451,,0.003824,0.018282,0.018282,,0.043804,,0.014407,0.004425,0.004425,0.018100
1995-12-31,0.019351,-0.029458,,0.039967,0.014508,0.014508,,0.019350,,0.014468,0.004433,0.004433,0.036900
1996-01-31,0.033854,0.027055,,0.103352,0.006928,0.006928,,0.033854,,0.006351,0.004133,0.004133,0.026100
1996-02-29,0.009236,0.052398,,-0.016033,-0.023739,-0.023738,,0.009236,,-0.017614,0.004092,0.004092,-0.049500
1996-03-31,0.009789,-0.021097,,0.014579,-0.010902,-0.010904,,0.009788,,-0.007615,0.004067,0.004067,0.000700
1996-04-30,0.014563,0.093556,,0.027050,-0.010262,-0.010262,,0.014562,,-0.004886,0.004167,0.004167,0.037400
1996-05-31,0.025445,0.038486,-0.008781,0.014814,-0.004378,-0.004378,,0.025444,-0.008781,-0.001741,0.004175,0.004175,-0.017000
1996-06-30,0.003828,-0.021794,0.004921,0.000000,0.015117,0.015117,,0.003829,0.004921,0.012845,0.004200,0.004200,0.003400
1996-07-31,-0.044205,-0.060963,-0.034280,-0.067315,0.001518,0.001517,,-0.044204,-0.034280,0.002526,0.004192,0.004192,0.000200
1996-08-31,0.020962,0.043333,0.006086,0.031304,-0.003422,-0.003422,,0.020961,0.006085,-0.001649,0.004317,0.004317,-0.003200
1996-09-30,0.056063,0.111518,0.025201,0.022766,0.019074,0.019073,,0.056064,0.025201,0.017017,0.004283,0.004283,0.028000
1996-10-31,0.027559,0.019551,-0.011799,-0.014839,0.024868,0.024868,,0.027559,-0.011799,0.022097,0.004092,0.004092,0.052300
1996-11-30,0.075637,0.109071,0.037811,0.035146,0.020490,0.020490,,0.075637,0.037811,0.017592,0.004175,0.004175,0.047800
1996-12-31,-0.019681,-0.015168,-0.010783,0.005798,-0.014495,-0.014493,,-0.019681,-0.010783,-0.008514,0.004158,0.004158,-0.015400
1997-01-31,0.062320,0.121981,-0.023669,0.051303,0.000626,0.000626,,0.062319,-0.023668,0.002492,0.004208,0.004208,0.031500
1997-02-28,0.007895,-0.077142,0.018182,0.030209,0.000983,0.000984,,0.007894,0.018181,0.001144,0.004175,0.004175,0.025100
1997-03-31,-0.041367,-0.062790,-0.000992,-0.031579,-0.013034,-0.013035,,-0.041366,-0.000992,-0.009691,0.004225,0.004225,0.002700
1997-04-30,0.059555,0.097458,0.001986,-0.016305,0.016122,0.016123,,0.059556,0.001986,0.014906,0.004308,0.004308,-0.011000
1997-05-31,0.060882,0.096154,0.065411,0.044988,0.008344,0.008342,,0.060881,0.065411,0.008804,0.004250,0.004250,-0.013100
1997-06-30,0.044509,-0.001617,0.053953,0.039275,0.010031,0.010031,,0.044509,0.053954,0.011614,0.004017,0.004017,0.009400
1997-07-31,0.079656,0.156409,0.015887,0.015262,0.028498,0.028497,,0.079657,0.015887,0.028104,0.004208,0.004208,0.049700
1997-08-31,-0.056090,-0.029791,-0.086012,-0.151039,-0.009916,-0.009916,,-0.056091,-0.086012,-0.008560,0.004250,0.004250,-0.030300
1997-09-30,0.054664,0.021517,0.055132,0.052278,0.014719,0.014719,,0.054665,0.055133,0.014499,0.004242,0.004242,0.006300
1997-10-31,-0.033502,-0.070673,-0.090991,-0.181090,0.016682,0.016682,,-0.033503,-0.090991,0.014472,0.004142,0.004142,-0.000800
1997-11-30,0.045985,0.030296,-0.011893,-0.013699,0.003129,0.003130,,0.045986,-0.011892,0.003308,0.004217,0.004217,0.015800
1997-12-31,0.017062,-0.056810,0.009502,0.014742,0.010977,0.010976,,0.017062,0.009502,0.010399,0.004217,0.004217,0.020900
1998-01-31,0.011102,0.081043,0.030395,-0.081081,0.017278,0.017280,,0.011102,0.030395,0.013219,0.004333,0.004333,0.008300
1998-02-28,0.071924,0.114832,0.068830,0.118737,-0.003766,-0.003768,,0.071923,0.068830,-0.000954,0.004200,0.004200,-0.012100
1998-03-31,0.051017,0.022217,0.032199,0.036027,0.001442,0.001442,,0.051018,0.032199,0.003304,0.004317,0.004317,0.018500
1998-04-30,0.010078,0.022496,0.005347,-0.010339,0.004935,0.004934,,0.010078,0.005348,0.005211,0.004158,0.004158,-0.031300
1998-05-31,-0.017435,-0.044908,-0.015071,-0.125356,0.009777,0.009777,,-0.017435,-0.015071,0.010240,0.004042,0.004042,0.023000
1998-06-30,0.040725,0.121864,-0.002700,-0.093376,0.009543,0.009544,,0.040726,-0.002700,0.008119,0.004075,0.004075,0.002700
1998-07-31,-0.010541,0.029850,0.010831,0.017964,0.002253,0.002254,,-0.010542,0.010830,0.002288,0.004142,0.004142,0.001600
1998-08-31,-0.144736,-0.172023,-0.136607,-0.261176,0.031983,0.031983,,-0.144735,-0.136607,0.019077,0.004125,0.004125,0.055400
1998-09-30,0.064117,0.179894,-0.020683,0.093949,0.036413,0.036413,,0.064117,-0.020682,0.019700,0.003967,0.003967,0.046000
1998-10-31,0.081641,0.040907,0.107708,0.154294,-0.007644,-0.007643,,0.081641,0.107708,-0.005555,0.003542,0.003542,0.018100
1998-11-30,0.060716,0.112415,0.053385,0.063052,-0.003428,-0.003429,,0.060716,0.053384,0.004888,0.003508,0.003508,-0.023800
1998-12-31,0.058057,0.178471,0.032722,-0.030764,0.003875,0.003875,,0.058056,0.032722,0.003919,0.003683,0.003683,0.021600
1999-01-31,0.042036,0.158594,-0.006255,-0.029077,0.006584,0.006585,,0.042036,-0.006256,0.007917,0.003625,0.003625,-0.020100
1999-02-28,-0.031245,-0.094919,-0.021583,0.022135,-0.030622,-0.030622,,-0.031245,-0.021583,-0.017643,0.003633,0.003633,0.024100
1999-03-31,0.039929,0.094069,0.049643,0.117198,0.005860,0.005860,,0.039929,0.049643,0.005685,0.003792,0.003792,-0.006600
1999-04-30,0.038520,0.023824,0.050832,0.153934,0.002858,0.002859,,0.038520,0.050832,0.003972,0.003633,0.003633,0.025200
1999-05-31,-0.023891,-0.031414,-0.050041,-0.041502,-0.013637,-0.013637,,-0.023891,-0.050042,-0.008728,0.003692,0.003692,-0.009300
1999-06-30,0.055559,0.107508,0.043898,0.079381,-0.002593,-0.002593,,0.055559,0.043899,-0.004892,0.003758,0.003758,0.030500
1999-07-31,-0.031302,-0.017896,0.022709,-0.034384,-0.004469,-0.004469,,-0.031302,0.022708,-0.003856,0.003892,0.003892,-0.016300
1999-08-31,-0.004964,0.054666,0.003289,-0.009891,-0.000653,-0.000653,,-0.004965,0.003290,-0.000806,0.003850,0.003850,0.009900
1999-09-30,-0.027397,0.008377,0.008197,-0.004995,0.010898,0.010898,,-0.027397,0.008197,0.012682,0.004042,0.004042,-0.000100
1999-10-31,0.063265,0.092419,0.037399,0.038153,0.001316,0.001314,,0.063265,0.037398,0.003351,0.003925,0.003925,-0.037100
1999-11-30,0.020230,0.117871,0.040752,0.081238,-0.000739,-0.000739,,0.020231,0.040752,0.000240,0.004133,0.004133,0.015500
1999-12-31,0.059892,0.243197,0.093970,0.143161,-0.009332,-0.009332,,0.059892,0.093970,-0.004748,0.004292,0.004292,0.002800
2000-01-31,-0.050322,-0.018468,-0.062194,-0.048799,-0.004528,-0.004528,,-0.050321,-0.062194,-0.001764,0.004308,0.004308,0.007100
2000-02-29,-0.019063,0.190244,0.028316,0.035323,0.009995,0.009994,,-0.019063,0.028316,0.011838,0.004608,0.004608,-0.019000
2000-03-31,0.097599,0.025761,0.034811,-0.009748,0.020377,0.020378,,0.097600,0.034811,0.014075,0.004700,0.004700,-0.025100
2000-04-30,-0.030055,-0.134703,-0.054073,-0.074651,-0.002508,-0.002507,,-0.030056,-0.054073,-0.004850,0.004767,0.004767,-0.025500
2000-05-31,-0.020384,-0.122692,-0.026726,-0.053191,0.001630,0.001629,,-0.020384,-0.026726,-0.001628,0.004708,0.004708,0.002400
2000-06-30,0.024853,0.124061,0.042716,0.061797,0.022089,0.022090,,0.024852,0.042715,0.021496,0.004575,0.004575,-0.017400
2000-07-31,-0.014909,-0.042810,-0.044623,-0.051146,0.006248,0.007968,,-0.014909,-0.044623,0.008871,0.004750,0.004750,-0.013100
2000-08-31,0.061899,0.136268,0.009954,0.015799,0.016183,0.006918,,0.061899,0.009954,0.014054,0.005017,0.005017,0.004000
2000-09-30,-0.052895,-0.126691,-0.050038,-0.062214,0.008978,-0.004907,-0.016888,-0.052895,-0.050038,0.007651,0.005092,0.005092,-0.028400
2000-10-31,-0.004298,-0.079402,-0.030327,-0.076098,0.009021,0.012820,-0.031798,-0.004299,-0.030327,0.005678,0.005025,0.005025,0.020500
2000-11-30,-0.078776,-0.229107,-0.044444,-0.099260,0.021522,0.014606,0.019630,-0.078776,-0.044445,0.015866,0.005125,0.005125,0.068700
2000-12-31,0.005125,-0.073183,0.037396,0.060887,0.023975,-0.007677,0.007034,0.005125,0.037396,0.017918,0.005008,0.005008,0.098300
2001-01-31,0.035451,0.101499,0.010989,0.117647,0.013323,0.020309,-0.023529,0.035450,0.010989,0.017623,0.004775,0.004775,0.006400
2001-02-28,-0.091378,-0.262053,-0.076087,-0.087044,0.012650,0.017061,0.004518,-0.091377,-0.076087,0.009163,0.004033,0.004033,0.001300
2001-03-31,-0.063613,-0.174921,-0.071494,-0.105322,0.005117,-0.000931,-0.033358,-0.063613,-0.071493,0.005477,0.003933,0.003933,0.051600
2001-04-30,0.077706,0.178799,0.078948,0.092938,-0.011585,0.005597,0.023653,0.077706,0.078947,-0.004616,0.003483,0.003483,-0.042000
2001-05-31,0.006500,-0.030769,-0.035230,0.015872,0.002269,0.011132,0.004924,0.006500,-0.035230,0.007441,0.003192,0.003192,0.005000
2001-06-30,-0.024478,0.021685,-0.038389,-0.022322,0.003985,-0.000999,0.019977,-0.024478,-0.038390,0.005297,0.002950,0.002950,-0.008500
2001-07-31,-0.009999,-0.086215,-0.024343,-0.067351,0.026408,0.015844,-0.016260,-0.009999,-0.024343,0.022350,0.002967,0.002967,-0.004800
2001-08-31,-0.062740,-0.122845,-0.022954,-0.009792,0.011156,0.002753,0.030804,-0.062739,-0.022954,0.011090,0.002867,0.002867,0.020500
2001-09-30,-0.080972,-0.208845,-0.107252,-0.155748,0.024140,0.005479,0.065598,-0.080973,-0.107252,0.008984,0.002733,0.002733,0.025200
2001-10-31,0.018951,0.169772,0.029748,0.065886,0.022202,0.022999,-0.044118,0.018951,0.029748,0.018677,0.001917,0.001917,0.038400
2001-11-30,0.076537,0.169616,0.035555,0.093406,-0.023218,-0.023381,-0.020036,0.076537,0.035555,-0.013369,0.001675,0.001675,-0.069600
2001-12-31,0.008752,-0.018663,0.013615,0.077567,-0.011551,-0.022100,0.017525,0.008753,0.013615,-0.006679,0.001442,0.001442,0.020500
2002-01-31,-0.014733,-0.010280,-0.046336,0.028674,0.004536,0.005650,0.012199,-0.014732,-0.046337,0.007903,0.001392,0.001392,-0.005000
2002-02-28,-0.019361,-0.122825,0.009040,0.026714,0.012886,0.015918,0.051755,-0.019361,0.009040,0.008571,0.001433,0.001433,-0.028700
2002-03-31,0.037420,0.067495,0.057110,0.045249,-0.022991,-0.007358,0.019885,0.037420,0.057111,-0.014580,0.001433,0.001433,0.002100
2002-04-30,-0.060746,-0.120077,0.004237,0.003247,0.025997,0.028864,0.020820,-0.060746,0.004238,0.017025,0.001450,0.001450,-0.017200
2002-05-31,-0.007544,-0.053262,0.011604,-0.004316,0.010336,0.015386,0.056976,-0.007544,0.011603,0.008130,0.001442,0.001442,0.029100
2002-06-30,-0.071397,-0.131158,-0.042753,-0.082339,0.017212,-0.002675,-0.039816,-0.071397,-0.042753,0.002875,0.001421,0.001421,0.072900
2002-07-31,-0.077193,-0.086207,-0.098039,-0.085006,0.026627,0.016980,-0.032855,-0.077193,-0.098040,0.004885,0.001383,0.001383,0.035800
2002-08-31,0.006526,-0.015094,-0.001208,0.014193,0.024199,0.036028,0.030343,0.006527,-0.001207,0.016611,0.001387,0.001387,0.021700
2002-09-30,-0.108880,-0.117922,-0.108827,-0.106870,0.030298,0.016115,0.036812,-0.108880,-0.108827,0.015347,0.001371,0.001371,0.033900
2002-10-31,0.087829,0.184845,0.056988,0.065526,-0.006949,-0.027546,-0.018215,0.087829,0.056988,-0.006052,0.001272,0.001272,-0.040600
2002-11-30,0.061561,0.129124,0.044060,0.064172,-0.014764,-0.001717,-0.003774,0.061561,0.044060,-0.001542,0.001181,0.001181,-0.025700
2002-12-31,-0.061495,-0.120852,-0.026311,-0.026499,0.027597,0.018056,0.097222,-0.061494,-0.026311,0.022683,0.001002,0.001002,0.057600
2003-01-31,-0.026248,0.002873,-0.031709,0.001311,-0.004818,0.005912,0.059551,-0.026248,-0.031708,0.000601,0.000985,0.000985,0.052200
2003-02-28,-0.015186,0.029460,-0.018468,-0.037959,0.017812,0.036944,-0.049145,-0.015186,-0.018468,0.013856,0.000957,0.000957,0.056100
2003-03-31,0.009547,0.003578,-0.019310,-0.015175,-0.001771,-0.016152,-0.040834,0.009547,-0.019311,-0.001211,0.000979,0.000979,-0.058000
2003-04-30,0.082535,0.087129,0.097047,0.092684,0.002418,-0.003311,0.009527,0.082534,0.097046,0.008695,0.000908,0.000908,0.016100
2003-05-31,0.052638,0.085246,0.061538,0.068738,0.027405,0.047342,0.074904,0.052638,0.061538,0.018229,0.000917,0.000917,0.055300
2003-06-30,0.012602,0.005371,0.026570,0.063153,-0.004332,-0.008889,-0.050754,0.012603,0.026570,-0.001296,0.000904,0.000904,-0.024200
2003-07-31,0.017440,0.061770,0.031764,0.074520,-0.038766,-0.044716,0.023121,0.017440,0.031765,-0.033380,0.000698,0.000698,-0.018100
2003-08-31,0.019325,0.050000,0.025086,0.067537,0.001854,0.017022,0.061299,0.019326,0.025086,0.006123,0.000772,0.000772,0.019900
2003-09-30,-0.010738,-0.029051,0.027808,0.011574,0.030873,0.031830,0.025818,-0.010739,0.027808,0.027069,0.000800,0.000800,-0.004900
2003-10-31,0.056413,0.085133,0.064936,0.094564,-0.013531,0.004886,-0.002335,0.056413,0.064935,-0.009583,0.000772,0.000772,0.023600
2003-11-30,0.008643,0.005685,0.021342,0.014183,-0.000792,0.000810,0.031990,0.008643,0.021342,0.001654,0.000777,0.000777,-0.004300
2003-12-31,0.052207,0.030928,0.078048,0.065162,0.009419,0.008874,0.047631,0.052208,0.078048,0.008889,0.000757,0.000757,0.038400
2004-01-31,0.018214,0.016731,0.015977,0.034342,0.008183,0.012284,-0.032475,0.018213,0.015978,0.008657,0.000756,0.000756,0.007100
2004-02-29,0.013774,-0.013488,0.024977,0.044556,0.012249,0.021845,-0.014421,0.013775,0.024976,0.010348,0.000748,0.000748,0.039200
2004-03-31,-0.015138,-0.019962,0.004512,0.006798,0.010675,0.015031,0.077952,-0.015139,0.004513,0.007988,0.000772,0.000772,-0.008300
2004-04-30,-0.015768,-0.029855,-0.031447,-0.076338,-0.032481,-0.046948,-0.094313,-0.015767,-0.031447,-0.026080,0.000769,0.000769,-0.042800
2004-05-31,0.013579,0.051193,0.004639,-0.005327,-0.005084,0.016420,0.018088,0.013578,0.004638,-0.004234,0.000793,0.000793,-0.013700
2004-06-30,0.019277,0.032558,0.024007,0.002273,0.005431,0.000896,-0.003553,0.019277,0.024007,0.005593,0.000877,0.000877,-0.027200
2004-07-31,-0.033109,-0.075516,-0.033363,-0.014796,0.009104,0.009860,-0.004075,-0.033109,-0.033363,0.009641,0.001086,0.001086,-0.010100
2004-08-31,0.003827,-0.024936,0.007462,0.044296,0.020756,0.026037,0.049616,0.003826,0.007463,0.019433,0.001177,0.001177,-0.012000
2004-09-30,0.010677,0.032922,0.029629,0.059251,0.001941,0.002410,0.020224,0.010677,0.029630,0.001654,0.001307,0.001307,0.003000
2004-10-31,0.015147,0.050085,0.032375,0.025991,0.009090,0.008814,0.023406,0.015147,0.032374,0.008476,0.001395,0.001395,0.030500
2004-11-30,0.040459,0.060163,0.072299,0.104530,-0.014788,-0.003177,0.053209,0.040459,0.072300,-0.008018,0.001556,0.001556,0.041100
2004-12-31,0.033938,0.030224,0.044381,0.037163,0.009756,0.018299,-0.030578,0.033938,0.044381,0.009221,0.001818,0.001818,0.005500
2005-01-31,-0.024544,-0.063127,-0.016667,0.001197,0.005613,0.000000,-0.035886,-0.024543,-0.016667,0.006537,0.001818,0.001818,-0.028700
2005-02-28,0.020937,-0.004812,0.046812,0.091012,-0.009845,-0.004773,0.034851,0.020937,0.046812,-0.006215,0.002018,0.002018,0.009800
2005-03-31,-0.017597,-0.017464,-0.029298,-0.064691,-0.005077,0.001314,-0.017869,-0.017598,-0.029299,-0.004874,0.002242,0.002242,0.002000
2005-04-30,-0.019119,-0.043479,-0.020652,-0.026431,0.017537,0.018444,0.014696,-0.019119,-0.020651,0.013561,0.002268,0.002268,-0.021800
2005-05-31,0.031674,0.088622,0.000812,0.036436,0.011947,0.007087,-0.042989,0.031675,0.000811,0.010602,0.002364,0.002364,0.014500
2005-06-30,0.001243,-0.033246,0.012966,0.035785,0.005531,0.003334,0.047081,0.001243,0.012966,0.005565,0.002402,0.002402,0.020000
2005-07-31,0.037064,0.076129,0.036800,0.070361,-0.014022,-0.019873,-0.013765,0.037064,0.036800,-0.009903,0.002550,0.002550,-0.002400
2005-08-31,-0.009132,-0.015159,0.028549,0.011917,0.016469,0.021898,0.009072,-0.009132,0.028550,0.013608,0.002777,0.002777,-0.000100
2005-09-30,0.007943,0.012314,0.047262,0.088673,-0.011411,-0.000995,0.081143,0.007943,0.047261,-0.011008,0.002858,0.002858,0.018300
2005-10-31,-0.016784,-0.014953,-0.033668,-0.063719,-0.007865,-0.012820,-0.008316,-0.016785,-0.033668,-0.008098,0.002892,0.002892,0.001600
2005-11-30,0.037646,0.060973,0.026687,0.081972,0.004777,0.001623,0.063427,0.037646,0.026686,0.004817,0.003171,0.003171,0.027100
2005-12-31,0.000227,-0.017763,0.051381,0.046328,0.010197,0.011075,0.045491,0.000227,0.051381,0.009914,0.003214,0.003214,-0.011400
2006-01-31,0.026453,0.039346,0.068676,0.116742,-0.003369,0.001645,0.103848,0.026453,0.068675,-0.001078,0.003321,0.003321,0.011100
2006-02-28,0.002543,-0.021428,-0.007213,-0.012862,0.000852,-0.001642,-0.016118,0.002543,-0.007213,0.003818,0.003642,0.003642,-0.005900
2006-03-31,0.012398,0.020910,0.031704,0.013663,-0.009869,-0.021388,0.035969,0.012398,0.031704,-0.009973,0.003756,0.003756,0.021300
2006-04-30,0.013335,-0.001908,0.051216,0.073401,-0.003727,-0.000840,0.120316,0.013335,0.051217,-0.002005,0.003762,0.003762,0.024300
2006-05-31,-0.028966,-0.072402,-0.044458,-0.105803,0.000196,0.002524,-0.014268,-0.028967,-0.044458,-0.000910,0.003875,0.003875,-0.017400
2006-06-30,0.001275,-0.000616,-0.003824,-0.000167,0.001070,0.003021,-0.045136,0.001275,-0.003824,0.001054,0.003929,0.003929,-0.011100
2006-07-31,0.006069,-0.043074,0.011516,0.013582,0.013513,0.016240,0.033741,0.006069,0.011516,0.013481,0.004050,0.004050,-0.013900
2006-08-31,0.023619,0.047709,0.025300,0.021725,0.016219,0.016821,-0.013087,0.023620,0.025301,0.016420,0.004112,0.004112,-0.004100
2006-09-30,0.025624,0.046395,0.002467,0.009332,0.009410,0.001906,-0.043617,0.025623,0.002467,0.008162,0.004088,0.004088,-0.002900
2006-10-31,0.032510,0.047478,0.040000,0.049190,0.005769,-0.001675,0.009188,0.032510,0.040000,0.007250,0.003967,0.003967,0.012300
2006-11-30,0.018813,0.034288,0.037279,0.075972,0.011202,0.011745,0.070849,0.018813,0.037278,0.011117,0.004117,0.004117,0.021300
2006-12-31,0.014012,-0.018788,0.030882,0.025962,-0.009795,-0.023217,-0.018086,0.014013,0.030882,-0.004745,0.004075,0.004075,0.020800
2007-01-31,0.014933,0.021085,0.009621,-0.004363,-0.002486,0.001698,0.026448,0.014932,0.009620,-0.000770,0.004071,0.004071,0.011200
2007-02-28,-0.019693,-0.016791,0.000561,-0.011390,0.018622,0.020339,0.026687,-0.019692,0.000560,0.015099,0.004146,0.004146,-0.016300
2007-03-31,0.011120,0.005248,0.028011,0.042573,0.000288,0.001816,-0.009561,0.011120,0.028012,0.000216,0.004162,0.004162,-0.011000
2007-04-30,0.044180,0.055823,0.039237,0.043692,0.005671,0.007519,0.026395,0.044180,0.039237,0.005124,0.004079,0.004079,0.023500
2007-05-31,0.034770,0.031549,0.030939,0.060903,-0.011806,-0.012438,-0.028655,0.034770,0.030939,-0.007771,0.003937,0.003937,0.026000
2007-06-30,-0.016744,0.004793,0.006104,0.046150,-0.001753,-0.001865,-0.019516,-0.016744,0.006103,-0.003808,0.003825,0.003825,0.017100
2007-07-31,-0.030918,-0.001471,-0.010617,0.044515,0.018136,0.022453,0.029008,-0.030918,-0.010617,0.008373,0.003892,0.003892,-0.012000
2007-08-31,0.014983,0.028193,-0.007153,-0.008541,0.019728,0.009291,0.009147,0.014983,-0.007154,0.013402,0.004008,0.004008,-0.027900
2007-09-30,0.037260,0.052522,0.063818,0.108689,0.004593,0.012631,0.103715,0.037260,0.063818,0.007248,0.003325,0.003325,0.034700
2007-10-31,0.015788,0.070414,0.059023,0.124112,0.008323,0.011706,0.066236,0.015788,0.059023,0.009321,0.003083,0.003083,0.024200
2007-11-30,-0.041868,-0.067599,-0.045683,-0.079000,0.034618,0.039669,-0.012374,-0.041868,-0.045683,0.018162,0.003183,0.003183,-0.001100
2007-12-31,-0.006908,-0.000714,-0.022955,-0.020275,0.002765,-0.001569,0.067374,-0.006908,-0.022954,0.003177,0.002558,0.002558,0.007000
2008-01-31,-0.060155,-0.118899,-0.085470,-0.109771,0.030965,0.038554,0.105162,-0.060156,-0.085470,0.017938,0.002617,0.002617,0.018300
2008-02-29,-0.032515,-0.048305,0.003298,0.047640,0.013554,0.013148,0.053538,-0.032515,0.003299,0.001012,0.001558,0.001558,0.047700
2008-03-31,-0.004460,0.018724,-0.007123,-0.036852,0.009307,0.000916,-0.057504,-0.004460,-0.007123,0.003043,0.001487,0.001487,-0.002400
2008-04-30,0.048624,0.079826,0.058499,0.082110,-0.021316,-0.020850,-0.058284,0.048624,0.058498,-0.003971,0.001062,0.001062,-0.014500
2008-05-31,0.012846,0.059310,0.015120,0.019164,-0.013178,0.000789,0.028396,0.012846,0.015120,-0.006853,0.001117,0.001117,0.012200
2008-06-30,-0.084510,-0.096151,-0.089882,-0.102573,0.007693,0.019200,0.043841,-0.084510,-0.089882,-0.000084,0.001542,0.001542,0.022200
2008-07-31,-0.008318,0.006420,-0.036682,-0.040560,0.007764,-0.005516,-0.013280,-0.008317,-0.036682,0.000032,0.001421,0.001421,-0.022000
2008-08-31,0.014464,0.014518,-0.050966,-0.076609,0.009806,0.004754,-0.092570,0.014463,-0.050966,0.007019,0.001362,0.001362,-0.019100
2008-09-30,-0.088959,-0.155762,-0.130864,-0.161064,0.005107,-0.038101,0.054142,-0.088959,-0.130865,-0.011110,0.001408,0.001408,-0.000400
2008-10-31,-0.167924,-0.154716,-0.220881,-0.275080,-0.013538,-0.088333,-0.180050,-0.167924,-0.220881,-0.025312,0.000750,0.000750,0.049100
2008-11-30,-0.071748,-0.114624,-0.062899,-0.076369,0.055888,0.001828,0.138672,-0.071748,-0.062899,0.036460,0.000363,0.000363,0.023600
2008-12-31,0.010718,0.022774,0.082208,0.034871,0.036581,0.052339,0.082578,0.010718,0.082208,0.033269,0.000017,0.000017,0.016300
2009-01-31,-0.084125,-0.022865,-0.119555,-0.079674,-0.023877,0.009548,0.049457,-0.084125,-0.119555,-0.006960,0.000096,0.000096,0.001600
2009-02-28,-0.106570,-0.052650,-0.095790,-0.058363,-0.005767,-0.016337,0.015313,-0.106570,-0.095789,-0.004263,0.000183,0.000183,0.000400
2009-03-31,0.087775,0.103165,0.093132,0.162782,0.032126,0.059881,-0.020074,0.087775,0.093132,0.014833,0.000208,0.000208,-0.019500
2009-04-30,0.095588,0.130607,0.127796,0.163083,-0.017543,-0.018976,-0.034576,0.095589,0.127796,0.003580,0.000167,0.000167,-0.016400
2009-05-31,0.056177,0.032088,0.143531,0.183163,-0.011025,0.018502,0.098911,0.056176,0.143531,0.008552,0.000104,0.000104,0.009800
2009-06-30,0.002211,0.029530,-0.013212,-0.020504,-0.003733,0.003303,-0.052820,0.002212,-0.013212,0.005428,0.000108,0.000108,-0.016600
2009-07-31,0.075779,0.084387,0.099582,0.117069,0.005965,0.000823,0.028692,0.075779,0.099581,0.014286,0.000150,0.000150,-0.003700
2009-08-31,0.035989,0.014702,0.034247,-0.004905,0.008898,0.010691,-0.002097,0.035989,0.034247,0.010132,0.000146,0.000146,0.003900
2009-09-30,0.037259,0.056480,0.052244,0.094321,0.009184,0.018714,0.059157,0.037259,0.052244,0.011893,0.000108,0.000108,0.014300
2009-10-31,-0.018676,-0.030533,-0.020979,-0.012458,0.002513,0.014376,0.031448,-0.018677,-0.020979,0.004141,0.000096,0.000096,-0.016900
2009-11-30,0.059814,0.063477,0.037857,0.060221,0.019611,0.027559,0.136001,0.059814,0.037857,0.013601,0.000038,0.000038,0.020900
2009-12-31,0.019463,0.052028,0.015276,0.024857,-0.031278,-0.022313,-0.072729,0.019463,0.015276,-0.016757,0.000042,0.000042,-0.025300
2010-01-31,-0.036038,-0.064699,-0.050659,-0.062910,0.019671,0.015140,-0.011139,-0.036038,-0.050659,0.015765,0.000042,0.000042,-0.019800
2010-02-28,0.030918,0.046039,0.002193,0.010708,0.004087,-0.011774,0.032595,0.030918,0.002193,0.002015,0.000058,0.000058,0.006900
2010-03-31,0.060160,0.077109,0.067104,0.081499,-0.009086,0.000420,-0.004471,0.060160,0.067104,-0.000752,0.000096,0.000096,0.019700
2010-04-30,0.015781,0.022425,-0.017088,0.002638,0.012337,0.024740,0.060002,0.015780,-0.017089,0.009307,0.000125,0.000125,0.008600
2010-05-31,-0.079960,-0.073923,-0.107788,-0.093198,0.018536,0.000000,0.027201,-0.079960,-0.107788,0.008768,0.000129,0.000129,-0.024000
2010-06-30,-0.052497,-0.059757,-0.011691,-0.000414,0.020689,0.013953,0.027471,-0.052497,-0.011692,0.016092,0.000125,0.000125,-0.003800
2010-07-31,0.069961,0.072583,0.103312,0.092454,0.010771,-0.000771,-0.051224,0.069961,0.103312,0.009353,0.000142,0.000142,-0.006900
2010-08-31,-0.045298,-0.051299,-0.032166,-0.022391,0.019975,0.019290,0.056360,-0.045298,-0.032166,0.014858,0.000117,0.000117,0.031400
2010-09-30,0.089143,0.131728,0.104136,0.111801,0.003690,0.007046,0.047665,0.089143,0.104136,-0.000084,0.000113,0.000113,0.016500
2010-10-31,0.037883,0.063379,0.035452,0.029679,0.004530,0.025621,0.037697,0.037883,0.035452,0.003599,0.000129,0.000129,0.020500
2010-11-30,0.000000,-0.001725,-0.045220,-0.027128,-0.009843,-0.016899,0.020559,0.000000,-0.045220,-0.005684,0.000092,0.000092,-0.017700
2010-12-31,0.066706,0.047571,0.083423,0.073172,-0.022885,-0.015666,0.026065,0.066706,0.083424,-0.011437,0.000133,0.000133,0.032900
2011-01-31,0.023571,0.028278,0.006980,-0.027686,0.002913,0.000000,-0.061431,0.023571,0.006980,0.000851,0.000096,0.000096,-0.011600
2011-02-28,0.034163,0.031607,0.027095,-0.008475,-0.004316,0.009231,0.056605,0.034163,0.027095,0.001616,0.000121,0.000121,0.004600
2011-03-31,0.000295,-0.004482,-0.004294,0.055727,-0.001158,0.009165,0.021003,0.000295,-0.004295,0.000005,0.000113,0.000113,-0.013300
2011-04-30,0.029479,0.028730,0.052372,0.034650,0.016034,0.024316,0.081382,0.029479,0.052372,0.013199,0.000075,0.000075,0.022600
2011-05-31,-0.011454,-0.012187,-0.028689,-0.028169,0.017652,0.002967,-0.012918,-0.011454,-0.028688,0.013061,0.000033,0.000033,-0.026000
2011-06-30,-0.016736,-0.020255,-0.015069,-0.015137,-0.001644,0.006507,-0.021876,-0.016735,-0.015070,-0.003899,0.000033,0.000033,-0.010800
2011-07-31,-0.020468,0.016652,-0.015300,-0.008175,0.021786,0.038748,0.083871,-0.020469,-0.015300,0.015737,0.000012,0.000012,0.019400
2011-08-31,-0.054465,-0.050690,-0.084525,-0.085724,0.027040,0.008608,0.122950,-0.054465,-0.084525,0.014686,0.000075,0.000075,-0.003900
2011-09-30,-0.070584,-0.044908,-0.122878,-0.161558,0.007303,0.000622,-0.113809,-0.070583,-0.122878,0.008957,0.000012,0.000012,0.000900
2011-10-31,0.109139,0.104020,0.102167,0.135054,-0.004189,0.019313,0.064058,0.109138,0.102167,0.001657,0.000008,0.000008,-0.024100
2011-11-30,-0.002337,-0.026920,-0.028792,-0.034104,0.002984,0.004210,0.012354,-0.002337,-0.028792,-0.002992,0.000004,0.000004,0.000100
2011-12-31,0.010224,-0.006142,-0.025530,-0.032610,0.010109,0.001977,-0.102950,0.010225,-0.025530,0.010808,0.000012,0.000012,0.000000
2012-01-31,0.044646,0.084184,0.072741,0.111158,0.008124,0.021970,0.109848,0.044646,0.072742,0.008737,0.000004,0.000004,0.005800
2012-02-29,0.043069,0.064101,0.051392,0.055618,-0.006538,-0.004161,-0.016055,0.043069,0.051391,-0.000449,0.000046,0.000046,0.006000
2012-03-31,0.032827,0.050530,-0.007468,-0.028642,-0.007965,-0.010730,-0.023744,0.032828,-0.007467,-0.005798,0.000063,0.000063,-0.017200
2012-04-30,-0.006395,-0.011695,-0.017784,-0.017473,0.015033,0.020466,-0.003534,-0.006395,-0.017784,0.011433,0.000054,0.000054,0.003700
2012-05-31,-0.060178,-0.070401,-0.110724,-0.110782,0.012429,0.017981,-0.060599,-0.060179,-0.110724,0.009520,0.000075,0.000075,0.018000
2012-06-30,0.041126,0.036214,0.059515,0.048334,-0.002204,-0.006187,0.026174,0.041126,0.059515,0.000360,0.000050,0.000050,-0.017400
2012-07-31,0.013700,0.009975,0.004434,0.006360,0.008590,0.018493,0.004365,0.013700,0.004435,0.013883,0.000067,0.000067,0.022900
2012-08-31,0.022393,0.051852,0.027226,0.004344,0.001017,-0.002017,0.046011,0.022393,0.027226,0.000276,0.000083,0.000083,-0.013900
2012-09-30,0.025765,0.008884,0.036248,0.053223,-0.000589,0.004909,0.051348,0.025765,0.036248,0.001075,0.000071,0.000071,-0.008900
2012-10-31,-0.018595,-0.052793,0.005622,-0.004156,-0.003124,0.006734,-0.030264,-0.018595,0.005622,0.001168,0.000075,0.000075,-0.024000
2012-11-30,0.005599,0.013087,0.018169,0.013278,0.006199,0.004683,-0.003843,0.005600,0.018169,0.001970,0.000087,0.000087,0.003100
2012-12-31,0.008958,-0.004669,0.041768,0.058421,-0.004048,-0.005632,-0.021100,0.008958,0.041768,-0.002033,0.000063,0.000063,0.004600
2013-01-31,0.051762,0.026716,0.033377,0.006069,-0.007348,-0.006882,-0.008479,0.051762,0.033378,-0.007120,0.000029,0.000029,0.014200
2013-02-28,0.013389,0.003440,-0.012274,-0.017389,0.007156,0.001386,-0.049922,0.013389,-0.012274,0.005464,0.000054,0.000054,0.002700
2013-03-31,0.037348,0.030248,0.008957,-0.015742,0.002744,0.002156,0.010839,0.037348,0.008956,0.000824,0.000083,0.000083,0.002300
2013-04-30,0.019086,0.025373,0.034438,0.013588,0.007107,0.007623,-0.076875,0.019086,0.034438,0.009092,0.000054,0.000054,0.015200
2013-05-31,0.023275,0.035775,-0.029523,-0.037319,-0.018383,-0.042641,-0.054069,0.023275,-0.029523,-0.017056,0.000038,0.000038,-0.014000
2013-06-30,-0.013493,-0.023953,-0.037446,-0.061349,-0.016232,-0.039432,-0.121212,-0.013493,-0.037446,-0.016554,0.000025,0.000025,-0.015300
2013-07-31,0.050723,0.063140,0.045641,0.009748,0.001240,0.008982,0.072397,0.050723,0.045640,0.001974,0.000025,0.000025,-0.011400
2013-08-31,-0.029119,-0.003959,-0.016287,-0.031778,-0.010160,-0.017063,0.063776,-0.029119,-0.016287,-0.006371,0.000025,0.000025,-0.012000
2013-09-30,0.031181,0.048321,0.072112,0.071409,0.014658,0.016751,-0.049853,0.031181,0.072112,0.009646,0.000017,0.000017,-0.004400
2013-10-31,0.045865,0.049569,0.034119,0.046503,0.004852,0.004484,-0.002186,0.045864,0.034119,0.007790,0.000004,0.000004,0.012100
2013-11-30,0.030284,0.035512,0.001200,-0.020164,-0.001317,-0.010417,-0.055153,0.030285,0.001200,-0.003446,0.000027,0.000027,0.010800
2013-12-31,0.025166,0.029271,0.012480,-0.009657,-0.014920,-0.016023,-0.038941,0.025166,0.012480,-0.006474,0.000046,0.000046,0.008100
2014-01-31,-0.034691,-0.019214,-0.047762,-0.072699,0.016642,0.021572,0.031783,-0.034691,-0.047761,0.015442,0.000053,0.000053,-0.010000
2014-02-28,0.045606,0.051524,0.053919,0.034195,0.002127,0.003017,0.065559,0.045606,0.053919,0.004769,0.000008,0.000008,-0.002200
2014-03-31,0.008225,-0.027336,0.004097,0.038636,-0.006011,-0.004664,-0.028757,0.008225,0.004096,-0.001487,0.000036,0.000036,-0.000800
2014-04-30,0.007242,-0.003194,0.013126,0.005058,0.004921,0.013605,0.009506,0.007241,0.013126,0.007773,0.000023,0.000023,0.003300
2014-05-31,0.023349,0.044856,0.018846,0.037166,0.010330,0.019389,-0.038592,0.023350,0.018846,0.010514,0.000017,0.000017,0.014800
2014-06-30,0.020527,0.031239,0.017380,0.029961,-0.001322,0.003884,0.061175,0.020527,0.017380,0.001114,0.000025,0.000025,0.000300
2014-07-31,-0.013880,0.011819,-0.016083,0.014631,-0.003892,0.000000,-0.030640,-0.013881,-0.016083,-0.002584,0.000017,0.000017,-0.007300
2014-08-31,0.039872,0.050095,0.010508,0.035689,0.010323,0.005143,0.003512,0.039873,0.010508,0.011322,0.000015,0.000015,0.026400
2014-09-30,-0.014181,-0.007566,-0.050152,-0.071657,-0.006525,-0.024854,-0.058563,-0.014182,-0.050152,-0.007259,0.000015,0.000015,0.018600
2014-10-31,0.024232,0.026420,-0.003056,0.023097,0.011200,0.007496,-0.032549,0.024232,-0.003056,0.009371,0.000011,0.000011,0.012600
2014-11-30,0.026824,0.045464,-0.002453,-0.009992,0.008456,0.002976,0.003501,0.026824,-0.002453,0.006545,0.000003,0.000003,0.052000
2014-12-31,-0.002536,-0.022406,-0.036476,-0.049733,-0.003498,-0.009048,0.007403,-0.002536,-0.036476,0.000930,0.000004,0.000004,0.010800
2015-01-31,-0.030123,-0.020823,0.001286,0.006714,0.027011,0.031108,0.079905,-0.030123,0.001286,0.023103,0.000031,0.000031,0.040400
2015-02-28,0.057339,0.072205,0.055235,0.035308,-0.015861,-0.013981,-0.051545,0.057338,0.055234,-0.010802,0.000004,0.000004,-0.006000
2015-03-31,-0.015894,-0.023590,-0.015397,-0.020767,0.007687,-0.004255,-0.024328,-0.015894,-0.015397,0.004022,0.000007,0.000007,0.014600
2015-04-30,0.009491,0.019223,0.050837,0.077877,-0.002082,0.006747,-0.000592,0.009491,0.050837,-0.003640,0.000021,0.000021,-0.028200
2015-05-31,0.012726,0.022485,-0.009440,-0.033789,-0.001216,-0.010425,0.005920,0.012725,-0.009440,-0.004483,0.000004,0.000004,-0.006800
2015-06-30,-0.019352,-0.024841,-0.026912,-0.023884,-0.007337,-0.009029,-0.015050,-0.019352,-0.026912,-0.010045,0.000003,0.000003,-0.043800
2015-07-31,0.020803,0.045577,-0.008039,-0.068051,0.008466,0.004556,-0.065386,0.020803,-0.008039,0.007659,0.000008,0.000008,0.024700
2015-08-31,-0.060416,-0.068245,-0.072943,-0.093234,-0.000350,-0.009070,0.033519,-0.060416,-0.072943,-0.003524,0.000048,0.000048,-0.019000
2015-09-30,-0.024980,-0.022073,-0.038992,-0.032485,0.011834,-0.004577,-0.014228,-0.024980,-0.038991,0.007558,0.000003,0.000003,0.017300
2015-10-31,0.084227,0.113699,0.062588,0.055741,-0.004681,0.002299,0.023308,0.084228,0.062588,0.000098,0.000004,0.000004,-0.011600
2015-11-30,0.002864,0.006089,-0.013236,-0.032491,-0.003924,-0.001529,-0.066316,0.002864,-0.013236,-0.002691,0.000057,0.000057,0.028800
2015-12-31,-0.016024,-0.015948,-0.020740,-0.025002,-0.003763,-0.009491,-0.005160,-0.016025,-0.020740,-0.003822,0.000142,0.000142,-0.016100
2016-01-31,-0.049766,-0.069104,-0.055901,-0.060067,0.023630,0.015576,0.052910,-0.049766,-0.055901,0.014296,0.000123,0.000123,0.028700
2016-02-29,-0.001452,-0.015653,-0.022661,-0.008692,0.008171,0.010736,0.105249,-0.001452,-0.022661,0.006597,0.000250,0.000250,0.022900
2016-03-31,0.067778,0.068526,0.081861,0.130428,0.002262,0.018968,0.000243,0.067778,0.081860,0.009435,0.000257,0.000257,-0.028900
2016-04-30,0.003737,-0.031868,0.022191,0.007766,-0.001292,0.001489,0.044563,0.003737,0.022192,0.003765,0.000161,0.000161,-0.021400
2016-05-31,0.017829,0.043701,-0.010176,-0.033998,-0.002071,-0.006691,-0.057710,0.017829,-0.010176,0.000191,0.000161,0.000161,-0.015900
2016-06-30,0.002527,-0.022781,-0.009628,0.050346,0.020490,0.022606,0.085282,0.002527,-0.009628,0.019365,0.000236,0.000236,0.020900
2016-07-31,0.036763,0.071509,0.044117,0.046741,0.000431,0.006588,0.023210,0.036763,0.044117,0.006411,0.000207,0.000207,0.014500
2016-08-31,0.001295,0.010500,0.007378,0.016746,-0.007246,-0.004363,-0.031208,0.001295,0.007378,-0.001702,0.000200,0.000200,-0.021200
2016-09-30,0.000145,0.022135,0.013692,0.012719,0.002835,0.007304,0.004897,0.000145,0.013692,-0.000812,0.000267,0.000267,-0.016900
2016-10-31,-0.018331,-0.014572,-0.017173,0.006329,-0.007380,-0.005076,-0.031828,-0.018331,-0.017173,-0.008034,0.000217,0.000217,-0.021600
2016-11-30,0.036990,0.004360,-0.021505,-0.043606,-0.026496,-0.020408,-0.079198,0.036990,-0.021505,-0.026465,0.000246,0.000246,-0.008300
2016-12-31,0.019611,0.011322,0.020165,-0.001632,-0.000540,-0.013413,-0.017766,0.019611,0.020166,0.002452,0.000390,0.000390,0.004100
2017-01-31,0.018832,0.051401,0.038697,0.049383,0.003070,0.010015,0.050957,0.018832,0.038697,0.002919,0.000400,0.000400,-0.014200
2017-02-28,0.039627,0.043750,0.015033,0.032773,0.003961,0.003814,0.036406,0.039628,0.015033,0.006572,0.000417,0.000417,0.005700
2017-03-31,0.000946,0.020269,0.028217,0.022521,0.000632,0.000076,-0.004231,0.000946,0.028217,-0.000738,0.000436,0.000436,-0.009200
2017-04-30,0.010181,0.027270,0.021985,0.013944,0.007729,0.004563,0.015072,0.010181,0.021985,0.007590,0.000615,0.000615,-0.005700
2017-05-31,0.013938,0.038974,0.030117,0.012180,0.005896,0.000000,0.004660,0.013937,0.030117,0.006707,0.000650,0.000650,0.001100
2017-06-30,0.006114,-0.023180,0.005151,0.007730,-0.004711,-0.009542,-0.024607,0.006114,0.005151,0.000188,0.000792,0.000792,-0.026000
2017-07-31,0.020425,0.040613,0.034193,0.053468,0.004204,0.005356,0.020875,0.020424,0.034193,0.003904,0.000827,0.000827,0.006300
2017-08-31,0.002934,0.020736,0.006381,0.030526,0.008657,0.009132,0.039160,0.002935,0.006381,0.008532,0.000877,0.000877,0.018700
2017-09-30,0.020596,-0.002953,0.018093,-0.007849,-0.008326,-0.007116,-0.026364,0.020596,0.018093,-0.005338,0.000815,0.000815,-0.020000
2017-10-31,0.023176,0.046064,0.019351,0.024372,-0.002056,0.002293,-0.011315,0.023176,0.019351,0.001117,0.000857,0.000857,0.030800
2017-11-30,0.030593,0.019717,0.007258,0.001776,-0.003862,0.000763,0.004893,0.030593,0.007259,-0.001671,0.000936,0.000936,-0.002900
2017-12-31,0.011017,0.006031,0.020703,0.035241,0.000728,0.008652,0.025998,0.011017,0.020703,0.004483,0.001032,0.001032,0.008600
2018-01-31,0.057126,0.087571,0.055921,0.083906,-0.015537,-0.009203,0.025032,0.057127,0.055921,-0.010970,0.001129,0.001129,0.030200
2018-02-28,-0.036984,-0.012928,-0.051402,-0.047271,-0.004867,-0.009288,-0.017550,-0.036985,-0.051402,-0.010267,0.001192,0.001192,-0.055900
2018-03-31,-0.025602,-0.040788,-0.006384,-0.011921,0.007499,0.009235,0.005549,-0.025602,-0.006384,0.006309,0.001348,0.001348,0.001800
2018-04-30,0.003733,0.005058,0.008283,-0.020925,-0.009197,-0.000777,-0.004989,0.003732,0.008282,-0.008266,0.001392,0.001392,0.003600
2018-05-31,0.023945,0.056729,-0.019168,-0.028266,0.007537,0.002331,-0.012232,0.023946,-0.019167,0.006055,0.001469,0.001469,-0.021300
2018-06-30,0.006011,0.011450,-0.020874,-0.045106,0.001019,0.006166,-0.037536,0.006011,-0.020873,0.000292,0.001558,0.001558,0.005900
2018-07-31,0.037093,0.027964,0.024784,0.031764,-0.003512,-0.004651,-0.022057,0.037093,0.024784,0.000391,0.001567,0.001567,-0.005400
2018-08-31,0.032462,0.057807,-0.021935,-0.035495,0.007735,0.006231,-0.019122,0.032463,-0.021935,0.005191,0.001654,0.001654,0.016400
2018-09-30,0.005538,-0.002816,0.003038,-0.013059,-0.008144,-0.009438,-0.007332,0.005537,0.003038,-0.005455,0.001713,0.001713,0.000800
2018-10-31,-0.068490,-0.085957,-0.083525,-0.075798,-0.000654,-0.014173,0.017457,-0.068490,-0.083526,-0.007332,0.001792,0.001792,-0.023400
2018-11-30,0.020266,-0.002650,0.012571,0.044546,0.009668,0.003994,0.006516,0.020266,0.012571,0.005271,0.001898,0.001898,-0.003800
2018-12-31,-0.090489,-0.086607,-0.048647,-0.029751,0.019004,0.005067,0.047615,-0.090489,-0.048648,0.017989,0.001923,0.001923,0.006700
2019-01-31,0.080021,0.090108,0.075807,0.085159,0.005872,0.014435,0.032387,0.080021,0.075807,0.010063,0.001917,0.001917,-0.017400
2019-02-28,0.032005,0.029912,0.017157,0.006476,-0.002645,-0.001581,-0.005228,0.032005,0.017157,-0.000567,0.001950,0.001950,0.005100
2019-03-31,0.019350,0.039246,0.007195,0.019021,0.017782,0.018210,-0.015082,0.019350,0.007195,0.019527,0.001986,0.001986,0.029800
2019-04-30,0.040411,0.054993,0.027594,0.020833,-0.000442,0.003111,-0.007889,0.040411,0.027594,0.000478,0.001940,0.001940,0.031700
2019-05-31,-0.063646,-0.082252,-0.055458,-0.064504,0.020562,0.017054,0.017930,-0.063646,-0.055458,0.018309,0.001973,0.001973,-0.016700
2019-06-30,0.070323,0.075901,0.058434,0.054201,0.010229,0.008040,0.079568,0.070323,0.058434,0.011547,0.001911,0.001911,0.020800
2019-07-31,0.014259,0.023348,-0.018902,-0.011900,-0.001582,0.002278,0.011634,0.014259,-0.018902,0.002295,0.001696,0.001696,0.030500
2019-08-31,-0.015911,-0.018995,-0.023480,-0.037637,0.024782,0.022727,0.065213,-0.015911,-0.023480,0.027820,0.001692,0.001692,0.037700
2019-09-30,0.018618,0.009179,0.027193,0.013243,-0.006916,-0.010668,-0.035152,0.018618,0.027193,-0.005971,0.001611,0.001611,-0.030700
2019-10-31,0.021550,0.043801,0.033796,0.038672,0.001668,-0.001507,0.031180,0.021550,0.033796,0.002171,0.001475,0.001475,-0.026300
2019-11-30,0.036204,0.040694,0.011091,0.001504,-0.003662,0.002264,-0.030303,0.036204,0.011092,-0.000626,0.001248,0.001248,0.007400
2019-12-31,0.030078,0.038864,0.042686,0.069605,-0.003685,0.003909,0.036777,0.030078,0.042686,-0.001441,0.001283,0.001283,-0.003800
2020-01-31,-0.000503,0.030384,-0.033034,-0.050462,0.021878,0.021244,0.041724,-0.000503,-0.033034,0.021186,0.001254,0.001254,0.001400
2020-02-29,-0.082413,-0.060574,-0.067169,-0.037051,0.021276,0.009658,-0.011877,-0.082413,-0.067169,0.017066,0.001258,0.001258,-0.013200
2020-03-31,-0.124013,-0.072858,-0.161105,-0.175225,0.022712,-0.013099,0.012339,-0.124013,-0.161105,-0.005856,0.001025,0.001025,-0.010700
2020-04-30,0.128138,0.149737,0.080861,0.092924,0.004648,0.025354,0.063660,0.128138,0.080861,0.016931,0.000025,0.000025,0.002900
2020-05-31,0.047559,0.066009,0.048044,0.023306,0.004221,0.005091,0.031291,0.047559,0.048044,0.005395,0.000075,0.000075,-0.003600
2020-06-30,0.019658,0.062867,0.042423,0.071554,0.002967,0.010854,0.032299,0.019658,0.042423,0.007016,0.000107,0.000107,-0.005200
2020-07-31,0.056270,0.073465,0.041035,0.083762,0.004853,0.022906,0.094702,0.056270,0.041035,0.015509,0.000113,0.000113,0.030400
2020-08-31,0.074019,0.109447,0.043057,0.022603,-0.001390,0.009797,0.002445,0.074019,0.043057,-0.010190,0.000069,0.000069,-0.001200
2020-09-30,-0.040058,-0.057786,-0.019631,-0.016685,0.000739,-0.003332,-0.040709,-0.040059,-0.019631,0.000774,0.000079,0.000079,-0.014200
2020-10-31,-0.026714,-0.030449,-0.022076,0.019392,-0.005912,-0.006969,-0.005351,-0.026714,-0.022077,-0.006112,0.000071,0.000071,-0.004800
2020-11-30,0.109357,0.112258,0.129347,0.082197,0.002231,0.011930,-0.054171,0.109356,0.129348,0.011103,0.000069,0.000069,0.026400
2020-12-31,0.038374,0.049024,0.058142,0.058887,0.001370,0.011287,0.066115,0.038374,0.058141,0.001558,0.000063,0.000063,0.042300
2021-01-31,-0.010213,0.002614,-0.001031,0.029291,-0.004616,0.004158,-0.024193,-0.010214,-0.001031,-0.007917,0.000054,0.000054,-0.010400
2021-02-28,0.027575,-0.001335,0.023220,0.016524,-0.013228,-0.017253,-0.064527,0.027575,0.023220,-0.015105,0.000040,0.000040,0.028900
2021-03-31,0.043689,0.017168,0.016878,-0.010301,-0.008798,-0.000771,-0.008275,0.043689,0.016879,-0.013778,0.000029,0.000029,0.008500
2021-04-30,0.053227,0.059098,0.027833,0.018569,0.007226,0.013380,0.031217,0.053227,0.027833,0.009518,0.000011,0.000011,0.023700
2021-05-31,0.006887,-0.012012,0.031431,0.017334,0.005167,0.009729,0.076501,0.006887,0.031431,0.002408,0.000003,0.000003,0.020600
2021-06-30,0.023213,0.062621,-0.004698,0.014198,-0.000871,0.007105,-0.069225,0.023213,-0.004698,0.007742,0.000007,0.000007,-0.011200
2021-07-31,0.023620,0.028609,-0.012814,-0.062864,0.011356,0.025535,0.023605,0.023620,-0.012814,0.012118,0.000033,0.000033,0.012000
2021-08-31,0.030290,0.042187,0.017308,0.026708,-0.002766,-0.001346,0.001324,0.030290,0.017308,-0.002012,0.000033,0.000033,0.001900
2021-09-30,-0.046689,-0.056832,-0.034260,-0.033748,-0.009713,-0.007675,-0.032893,-0.046690,-0.034259,-0.009129,0.000033,0.000033,0.006100
2021-10-31,0.069932,0.078640,0.026070,0.011051,-0.007186,0.011065,0.015781,0.069932,0.026069,-0.000263,0.000023,0.000023,0.031900
2021-11-30,-0.007028,0.019968,-0.044103,-0.032167,0.004242,0.009576,-0.005272,-0.007027,-0.044103,0.003297,0.000040,0.000040,-0.023300
2021-12-31,0.044644,0.011523,0.040751,0.017315,-0.003432,0.001561,0.030390,0.044644,0.040751,-0.004076,0.000040,0.000040,0.008500
2022-01-31,-0.051879,-0.087470,-0.028362,0.004161,-0.015914,-0.018634,-0.017784,-0.051879,-0.028362,-0.021714,0.000027,0.000027,0.016600
2022-02-28,-0.030021,-0.044760,-0.029693,-0.043035,-0.002781,0.007032,0.058162,-0.030020,-0.029693,-0.011332,0.000144,0.000144,0.011800
2022-03-31,0.036921,0.046679,-0.004294,-0.024720,-0.031135,-0.016446,0.026219,0.036921,-0.004295,-0.028168,0.000240,0.000240,0.061200
2022-04-30,-0.087303,-0.135957,-0.062598,-0.055461,-0.023884,-0.021536,-0.020470,-0.087303,-0.062597,-0.038439,0.000411,0.000411,0.051800
2022-05-31,0.001703,-0.015866,0.013912,0.005799,0.007362,-0.009538,-0.034882,0.001703,0.013912,0.005770,0.000673,0.000673,0.002900
2022-06-30,-0.082725,-0.089079,-0.083092,-0.044644,-0.008270,-0.030161,-0.020948,-0.082724,-0.083091,-0.014969,0.000858,0.000858,0.011100
2022-07-31,0.092096,0.125517,0.036320,-0.008735,0.019216,0.040689,-0.022837,0.092095,0.036320,0.023113,0.001333,0.001333,-0.031800
2022-08-31,-0.040907,-0.051322,-0.040888,0.002299,-0.029086,-0.026316,-0.028419,-0.040907,-0.040888,-0.027672,0.001915,0.001915,0.014900
2022-09-30,-0.092210,-0.105355,-0.099946,-0.101808,-0.032554,-0.066191,-0.029426,-0.092209,-0.099946,-0.041752,0.002383,0.002383,0.040800
2022-10-31,0.080813,0.039998,0.034014,-0.034483,-0.008276,0.012626,-0.015941,0.080812,0.034014,-0.013743,0.002650,0.002650,0.010400
2022-11-30,0.055756,0.055442,0.133553,0.144196,0.025503,0.018288,0.067302,0.055756,0.133553,0.036925,0.003312,0.003312,-0.049700
2022-12-31,-0.057766,-0.090137,-0.021585,-0.021066,-0.007771,-0.013286,0.042211,-0.057766,-0.021585,-0.006069,0.003544,0.003544,0.004900
2023-01-31,0.062682,0.106429,0.084034,0.077733,0.024461,0.021205,0.060340,0.062682,0.084034,0.031871,0.003550,0.003550,-0.000500
2023-02-28,-0.024497,-0.003598,-0.041528,-0.062735,-0.025290,-0.014950,-0.052138,-0.024497,-0.041528,-0.025505,0.003808,0.003808,0.013000
2023-03-31,0.036585,0.094927,0.026325,0.025418,0.029680,0.029103,0.076603,0.036586,0.026325,0.025624,0.003925,0.003925,-0.049500
2023-04-30,0.015509,0.005079,0.016921,-0.006646,0.007027,0.000822,0.010716,0.015509,0.016921,0.005476,0.003821,0.003821,0.015500
2023-05-31,0.004208,0.078838,-0.033833,-0.024794,-0.010989,-0.012315,-0.013165,0.004208,-0.033833,-0.010869,0.004102,0.004102,0.005500
2023-06-30,0.065950,0.063038,0.043654,0.042966,-0.012241,-0.004536,-0.021793,0.065950,0.043654,-0.003735,0.004373,0.004373,0.013400
2023-07-31,0.032024,0.038601,0.038910,0.059098,-0.001100,0.000843,0.025714,0.032024,0.038910,-0.000514,0.004294,0.004294,0.004800
2023-08-31,-0.016022,-0.014830,-0.044409,-0.056902,-0.002015,-0.008424,-0.016392,-0.016022,-0.044409,-0.005765,0.004373,0.004373,-0.006500
2023-09-30,-0.047783,-0.050799,-0.033216,-0.020668,-0.018461,-0.018967,-0.046486,-0.047783,-0.033216,-0.024887,0.004415,0.004415,0.031300
2023-10-31,-0.021154,-0.020655,-0.035506,-0.034441,-0.009378,-0.006999,0.074184,-0.021154,-0.035507,-0.015681,0.004417,0.004417,-0.006200
2023-11-30,0.091196,0.108188,0.085093,0.067607,0.031676,0.026431,0.026647,0.091195,0.085094,0.045060,0.004433,0.004433,-0.027600
2023-12-31,0.045351,0.055870,0.048552,0.029703,0.028857,0.026210,0.011923,0.045351,0.048552,0.036962,0.004365,0.004365,-0.009500
2024-01-31,0.016657,0.018192,-0.016146,-0.031972,0.002131,0.002558,-0.006788,0.016657,-0.016146,-0.002346,0.004317,0.004317,0.011700
2024-02-29,0.053287,0.052834,0.030635,0.039793,-0.015119,-0.011054,-0.001318,0.053287,0.030634,-0.013862,0.004323,0.004323,0.046500
2024-03-31,0.032049,0.012750,0.030661,0.015729,0.005823,0.007223,0.083932,0.032049,0.030661,0.008216,0.004353,0.004353,0.033700
2024-04-30,-0.040956,-0.043738,-0.022739,0.010177,-0.020670,-0.016239,0.033372,-0.040956,-0.022739,-0.024402,0.004336,0.004336,0.017600
2024-05-31,0.049457,0.061518,0.040190,0.019403,0.015164,0.018245,0.013747,0.049457,0.040190,0.017026,0.004371,0.004371,-0.022400
2024-06-30,0.035743,0.064701,-0.009178,0.021684,0.010531,0.007291,0.002066,0.035743,-0.009179,0.009338,0.004371,0.004371,-0.016500
2024-07-31,0.012047,-0.016781,0.027921,0.010065,0.023901,0.018010,0.042445,0.012047,0.027922,0.023130,0.004344,0.004344,-0.014400
2024-08-31,0.024141,0.011039,0.024648,0.010676,0.012354,0.008425,0.027735,0.024141,0.024648,0.013340,0.004279,0.004279,-0.024600
2024-09-30,0.021224,0.026216,0.025755,0.070559,0.011045,0.014279,0.057062,0.021224,0.025755,0.013101,0.004140,0.004140,0.012700
2024-10-31,-0.009158,-0.008646,-0.047093,-0.031322,-0.024472,-0.018287,0.038769,-0.009158,-0.047093,-0.024411,0.003748,0.003748,-0.024100
2024-11-30,0.058566,0.053508,-0.002521,-0.019401,0.007330,0.004234,-0.029690,0.058566,-0.002521,0.011376,0.003693,0.003693,0.024100
2024-12-31,-0.023935,0.004540,-0.025835,-0.004578,-0.012833,-0.016349,-0.010463,-0.023935,-0.025835,-0.017559,0.003644,0.003644,0.012600
2025-01-31,0.027724,0.021634,0.033245,0.004640,0.005455,0.012206,0.069717,0.027725,0.033245,0.006336,0.003507,0.003507,0.013300
2025-02-28,-0.013157,-0.027035,0.017875,0.002487,0.020639,0.022394,0.008640,-0.013157,0.017875,0.020841,0.003490,0.003490,-0.017600
2025-03-31,-0.056483,-0.075862,0.002732,0.013596,0.005462,0.006583,0.100818,-0.056483,0.002732,0.000120,0.003494,0.003494,0.006500
2025-04-30,-0.006875,0.013968,0.031109,0.002099,0.012391,0.000839,0.058345,-0.006875,0.031109,0.004152,0.003494,0.003494,-0.033500
2025-05-31,0.062809,0.091783,0.046229,0.038394,-0.008552,-0.006706,-0.004871,0.062809,0.046229,-0.007125,0.003492,0.003492,-0.016000
2025-06-30,0.050760,0.063858,0.038809,0.051899,0.012433,0.009736,0.001672,0.050760,0.038809,0.015713,0.003527,0.003527,0.016000
2025-07-31,0.022281,0.024237,-0.009468,0.010890,-0.004689,0.000845,-0.000364,0.022281,-0.009468,-0.002985,0.003492,0.003492,-0.010100
2025-08-31,0.020172,0.009540,0.041875,0.029785,0.015434,0.015190,0.054810,0.020173,0.041875,0.008316,0.003529,0.003529,0.013200
2025-09-30,0.036381,0.053762,0.036227,0.056858,0.003197,0.004735,0.105680,0.036381,0.036227,0.010419,0.003369,0.003369,0.034500
2025-10-31,0.023292,0.047804,0.015248,0.014039,0.005290,0.003344,0.036815,0.023292,0.015248,0.006250,0.003204,0.003204,0.011200
2025-11-30,0.002343,-0.015610,0.002503,-0.012691,0.009149,0.001667,0.059289,0.002343,0.002503,0.006228,0.003098,0.003098,0.002700
2025-12-31,0.000494,-0.006699,0.026584,0.012242,-0.002664,-0.004718,0.025437,0.000494,0.026584,-0.002844,0.003081,0.003081,0.012000
2026-01-31,0.014384,0.012306,0.057367,0.049706,-0.000685,0.004273,0.089768,0.014384,0.057367,0.002262,0.002956,0.002956,0.052700
2026-02-28,-0.007706,-0.023445,0.053084,0.028579,0.017982,0.012766,0.109591,-0.007706,0.053084,0.015281,0.002977,0.002977,0.037800
2026-03-31,-0.049964,-0.048383,-0.086437,-0.076274,-0.018373,-0.013445,-0.111442,-0.049964,-0.086437,-0.016987,0.002982,0.002982,-0.014800
2026-04-30,0.104813,0.156901,0.081608,0.092893,0.000218,0.010738,-0.007079,0.104813,0.081608,0.001150,0.003000,0.003000,0.020200
2026-05-31,0.052511,0.105685,0.037538,0.019698,-0.000691,0.000843,-0.011745,0.052511,0.037538,0.003327,0.002988,0.002988,0.003000
2026-06-30,-0.009640,-0.001491,-0.001957,-0.000716,0.001317,-0.003370,-0.117882,-0.009640,-0.001957,0.002174,0.002990,0.002990,-0.014400
2026-07-31,-0.000766,-0.065739,-0.009829,-0.018283,-0.012170,-0.007810,0.006513,-0.000766,-0.009829,-0.016580,0.003110,0.003110,-0.006300
2026-08-31,0.035873,0.050931,0.027574,0.028340,0.004107,0.002595,0.072016,0.035873,0.027574,0.005269,0.003068,0.003068,
