date,me_net_value,me_gross_value,benchmark_value,me_drawdown_pct,benchmark_drawdown_pct
2022-01-03,100.0,100.0,100.0,0.0,0.0
2022-01-04,99.7018,99.7018,100.0039,-0.298,0.0
2022-01-05,98.3345,98.3345,98.9002,-1.665,-1.104
2022-01-06,98.1757,98.1757,98.7483,-1.824,-1.256
2022-01-07,97.9116,97.9116,98.5909,-2.088,-1.413
2022-01-10,97.7221,97.7221,98.3597,-2.278,-1.644
2022-01-11,98.5279,98.5279,99.0633,-1.472,-0.941
2022-01-12,98.881,98.881,99.401,-1.119,-0.603
2022-01-13,97.904,97.904,98.7488,-2.096,-1.255
2022-01-14,98.0576,98.0576,98.5233,-1.942,-1.481
2022-01-18,97.1065,97.1065,97.2972,-2.893,-2.707
2022-01-19,96.755,96.755,97.0062,-3.245,-2.998
2022-01-20,96.2562,96.2562,96.5766,-3.744,-3.427
2022-01-21,94.7892,94.7892,95.7045,-5.211,-4.299
2022-01-24,94.7953,94.7953,95.5706,-5.205,-4.433
2022-01-25,94.3398,94.3398,94.9994,-5.66,-5.004
2022-01-26,94.0474,94.0474,94.5769,-5.953,-5.427
2022-01-27,93.7409,93.7409,94.3868,-6.259,-5.617
2022-01-28,94.8666,94.8666,95.4101,-5.133,-4.594
2022-01-31,95.8941,95.8941,96.4209,-4.106,-3.583
2022-02-01,96.2101,96.2101,96.8167,-3.79,-3.187
2022-02-02,96.4371,96.4371,97.3354,-3.563,-2.668
2022-02-03,95.209,95.209,96.0165,-4.791,-3.987
2022-02-04,95.9724,95.9724,95.9808,-4.028,-4.023
2022-02-07,95.9837,95.9837,95.9184,-4.016,-4.085
2022-02-08,96.3554,96.3554,96.2057,-3.645,-3.798
2022-02-09,97.2694,97.2694,97.1067,-2.731,-2.897
2022-02-10,96.2656,96.2656,95.8517,-3.734,-4.152
2022-02-11,95.5992,95.5992,95.0848,-4.401,-4.919
2022-02-14,95.4544,95.4544,94.63,-4.546,-5.374
2022-02-15,96.269,96.269,95.4893,-3.731,-4.514
2022-02-16,96.3786,96.3786,95.6738,-3.621,-4.33
2022-02-17,95.0496,95.0496,94.6925,-4.95,-5.311
2022-02-18,94.6896,94.6896,94.4032,-5.31,-5.6
2022-02-22,94.0929,94.0929,93.7532,-5.907,-6.25
2022-02-23,93.2382,93.2382,92.7231,-6.762,-7.281
2022-02-24,94.0056,94.0056,93.1108,-5.994,-6.893
2022-02-25,94.9615,94.9615,94.3493,-5.038,-5.654
2022-02-28,95.4261,95.4261,94.299,-4.574,-5.705
2022-03-01,95.2901,95.2901,93.6052,-4.71,-6.398
2022-03-02,95.7816,95.7816,93.9787,-4.218,-6.025
2022-03-03,95.2454,95.2454,93.6819,-4.755,-6.322
2022-03-04,94.4585,94.4585,93.1,-5.542,-6.904
2022-03-07,93.3071,93.3071,91.2722,-6.693,-8.731
2022-03-08,93.4455,93.4455,90.9261,-6.555,-9.077
2022-03-09,94.5802,94.5802,92.3502,-5.42,-7.653
2022-03-10,93.9824,93.9824,91.7608,-6.018,-8.243
2022-03-11,93.3145,93.3145,91.0652,-6.686,-8.938
2022-03-14,92.656,92.656,90.4306,-7.344,-9.573
2022-03-15,93.2237,93.2237,91.3804,-6.776,-8.623
2022-03-16,94.7217,94.7217,93.0012,-5.278,-7.002
2022-03-17,95.289,95.289,93.5745,-4.711,-6.429
2022-03-18,95.9489,95.9489,94.3078,-4.051,-5.696
2022-03-21,95.9315,95.9315,93.781,-4.068,-6.223
2022-03-22,96.8347,96.8347,94.3195,-3.165,-5.684
2022-03-23,96.6162,96.6162,93.8107,-3.384,-6.193
2022-03-24,97.2264,97.2264,94.4455,-2.774,-5.558
2022-03-25,97.3256,97.3256,94.2912,-2.674,-5.713
2022-03-28,97.8178,97.8178,94.6286,-2.182,-5.375
2022-03-29,98.5316,98.5316,95.646,-1.468,-4.358
2022-03-30,98.2174,98.2174,95.4249,-1.783,-4.579
2022-03-31,97.2401,97.2401,94.5577,-2.76,-5.446
2022-04-01,97.2865,97.4815,94.7862,-2.713,-5.217
2022-04-04,98.0348,98.2313,95.2915,-1.965,-4.712
2022-04-05,97.0997,97.2943,94.1746,-2.9,-5.829
2022-04-06,96.1425,96.3352,93.4401,-3.857,-6.564
2022-04-07,96.3173,96.5103,93.5398,-3.683,-6.464
2022-04-08,96.044,96.2365,93.2548,-3.956,-6.749
2022-04-11,94.9522,95.1425,92.212,-5.048,-7.792
2022-04-12,94.9599,95.1502,92.0951,-5.04,-7.909
2022-04-13,95.8367,96.0288,92.7709,-4.163,-7.233
2022-04-14,95.0281,95.2186,91.9438,-4.972,-8.06
2022-04-18,95.1957,95.3865,91.7614,-4.804,-8.242
2022-04-19,95.8445,96.0366,92.1563,-4.155,-7.847
2022-04-20,95.6132,95.8048,92.4234,-4.387,-7.58
2022-04-21,94.8526,95.0427,91.4353,-5.147,-8.568
2022-04-22,93.5782,93.7657,90.1015,-6.422,-9.902
2022-04-25,93.6973,93.8851,90.4018,-6.303,-9.602
2022-04-26,92.1742,92.3589,89.0123,-7.826,-10.991
2022-04-27,92.4302,92.6154,89.1052,-7.57,-10.898
2022-04-28,93.8341,94.0221,90.226,-6.166,-9.777
2022-04-29,92.1773,92.362,88.5043,-7.823,-11.499
2022-05-02,92.4678,92.6531,88.4815,-7.532,-11.522
2022-05-03,92.4213,92.6065,88.8698,-7.579,-11.134
2022-05-04,93.8666,94.0547,90.4179,-6.133,-9.586
2022-05-05,91.7977,91.9817,88.217,-8.202,-11.786
2022-05-06,91.4648,91.6481,87.666,-8.535,-12.337
2022-05-09,89.2434,89.4222,86.1883,-10.757,-13.815
2022-05-10,89.4129,89.5921,86.4645,-10.587,-13.539
2022-05-11,88.6914,88.8692,85.9584,-11.309,-14.045
2022-05-12,88.4966,88.674,85.9412,-11.503,-14.062
2022-05-13,89.7495,89.9294,87.0323,-10.251,-12.971
2022-05-16,89.7572,89.9371,86.9662,-10.243,-13.037
2022-05-17,90.4789,90.6602,87.7732,-9.521,-12.23
2022-05-18,88.7551,88.933,86.1702,-11.245,-13.833
2022-05-19,88.855,89.033,86.2138,-11.145,-13.79
2022-05-20,88.7984,88.9764,86.43,-11.202,-13.573
2022-05-23,89.3906,89.5697,87.1697,-10.609,-12.834
2022-05-24,89.0256,89.204,87.0869,-10.974,-12.916
2022-05-25,89.3742,89.5533,87.5386,-10.626,-12.465
2022-05-26,90.2006,90.3814,88.3707,-9.799,-11.633
2022-05-27,91.12,91.3026,89.5515,-8.88,-10.452
2022-05-31,91.2381,91.4209,89.164,-8.762,-10.839
2022-06-01,90.813,90.995,88.5366,-9.187,-11.467
2022-06-02,91.8497,92.0338,89.576,-8.15,-10.427
2022-06-03,91.0521,91.2346,88.6822,-8.948,-11.321
2022-06-06,91.3246,91.5076,88.6398,-8.675,-11.364
2022-06-07,91.6917,91.8754,89.1551,-8.308,-10.848
2022-06-08,91.305,91.488,88.4804,-8.695,-11.523
2022-06-09,90.2713,90.4522,87.2491,-9.729,-12.754
2022-06-10,88.9604,89.1386,85.608,-11.04,-14.395
2022-06-13,86.4012,86.5744,83.1947,-13.599,-16.809
2022-06-14,86.184,86.3568,82.8869,-13.816,-17.116
2022-06-15,86.9433,87.1175,83.9935,-13.057,-16.01
2022-06-16,85.4372,85.6084,82.5933,-14.563,-17.41
2022-06-17,85.5819,85.7534,82.6419,-14.418,-17.361
2022-06-21,86.5028,86.6761,83.5119,-13.497,-16.491
2022-06-22,86.2079,86.3807,83.5547,-13.792,-16.449
2022-06-23,86.5952,86.7687,84.0353,-13.405,-15.968
2022-06-24,87.7949,87.9709,85.4037,-12.205,-14.6
2022-06-27,87.5708,87.7462,85.0892,-12.429,-14.914
2022-06-28,86.7865,86.9604,84.3159,-13.213,-15.687
2022-06-29,86.8567,87.0308,84.4317,-13.143,-15.572
2022-06-30,86.439,86.6123,84.2715,-13.561,-15.732
2022-07-01,86.5158,86.8629,84.8797,-13.484,-15.124
2022-07-05,86.6901,87.0379,84.6881,-13.31,-15.315
2022-07-06,86.719,87.0669,84.5757,-13.281,-15.428
2022-07-07,87.6757,88.0275,85.2712,-12.324,-14.732
2022-07-08,87.6785,88.0303,85.1517,-12.321,-14.852
2022-07-11,86.6919,87.0397,84.5582,-13.308,-15.445
2022-07-12,86.1287,86.4742,84.2768,-13.871,-15.726
2022-07-13,86.3012,86.6474,84.2066,-13.699,-15.797
2022-07-14,86.2032,86.5491,83.7874,-13.797,-16.216
2022-07-15,86.9543,87.3032,84.7495,-13.046,-15.254
2022-07-18,87.1298,87.4794,84.466,-12.87,-15.537
2022-07-19,88.3757,88.7303,85.7571,-11.624,-14.246
2022-07-20,88.6081,88.9636,85.8587,-11.392,-14.145
2022-07-21,89.1687,89.5264,86.683,-10.831,-13.32
2022-07-22,88.6483,89.004,86.5518,-11.352,-13.452
2022-07-25,88.3686,88.7232,86.5754,-11.631,-13.428
2022-07-26,87.802,88.1542,85.9615,-12.198,-14.042
2022-07-27,89.4487,89.8075,87.3294,-10.551,-12.674
2022-07-28,90.208,90.5699,88.1246,-9.792,-11.879
2022-07-29,90.8111,91.1755,88.7892,-9.189,-11.214
2022-08-01,90.5599,90.9233,88.7792,-9.44,-11.224
2022-08-02,90.0773,90.4387,87.9758,-9.923,-12.028
2022-08-03,90.9479,91.3128,88.8272,-9.052,-11.176
2022-08-04,90.9866,91.3517,88.9749,-9.013,-11.029
2022-08-05,90.8147,91.1791,88.422,-9.185,-11.581
2022-08-08,91.0562,91.4215,88.5941,-8.944,-11.409
2022-08-09,90.6158,90.9794,88.2804,-9.384,-11.723
2022-08-10,91.6725,92.0403,89.5038,-8.328,-10.5
2022-08-11,91.5977,91.9652,89.3365,-8.402,-10.667
2022-08-12,92.5072,92.8783,90.2766,-7.493,-9.727
2022-08-15,92.5935,92.965,90.3747,-7.406,-9.629
2022-08-16,92.5581,92.9295,90.4065,-7.442,-9.597
2022-08-17,91.9844,92.3535,89.8177,-8.016,-10.186
2022-08-18,92.1173,92.4869,89.9297,-7.883,-10.074
2022-08-19,90.8355,91.1999,88.951,-9.165,-11.052
2022-08-22,89.9229,90.2837,87.755,-10.077,-12.248
2022-08-23,89.9381,90.299,87.6998,-10.062,-12.304
2022-08-24,90.0087,90.3698,87.7588,-9.991,-12.245
2022-08-25,90.7974,91.1617,88.7068,-9.203,-11.297
2022-08-26,88.909,89.2657,86.9596,-11.091,-13.044
2022-08-29,88.5816,88.937,86.5186,-11.418,-13.485
2022-08-30,87.9746,88.3276,86.0047,-12.025,-13.999
2022-08-31,87.6701,88.0218,85.5202,-12.33,-14.483
2022-09-01,87.6655,88.0172,85.2641,-12.335,-14.739
2022-09-02,87.2544,87.6045,84.8772,-12.746,-15.126
2022-09-06,86.723,87.071,84.3532,-13.277,-15.65
2022-09-07,87.5904,87.9418,85.3583,-12.41,-14.645
2022-09-08,87.7597,88.1118,85.4934,-12.24,-14.51
2022-09-09,89.0148,89.3719,86.3878,-10.985,-13.616
2022-09-12,89.6678,90.0275,86.9687,-10.332,-13.035
2022-09-13,87.2053,87.5551,84.629,-12.795,-15.374
2022-09-14,87.4104,87.7611,84.8824,-12.59,-15.121
2022-09-15,86.6446,86.9922,84.2264,-13.355,-15.777
2022-09-16,86.3121,86.6583,83.7923,-13.688,-16.211
2022-09-19,86.5391,86.8863,84.1138,-13.461,-15.889
2022-09-20,85.9268,86.2716,83.3291,-14.073,-16.674
2022-09-21,85.2228,85.5647,82.583,-14.777,-17.42
2022-09-22,84.8947,85.2353,81.91,-15.105,-18.093
2022-09-23,84.0755,84.4128,80.7827,-15.925,-19.22
2022-09-26,83.5419,83.8771,79.8119,-16.458,-20.191
2022-09-27,83.4255,83.7602,79.5077,-16.575,-20.495
2022-09-28,84.401,84.7396,80.9325,-15.599,-19.071
2022-09-29,83.4326,83.7674,79.8364,-16.567,-20.167
2022-09-30,82.8339,83.1662,79.2179,-17.166,-20.785
2022-10-03,83.8633,84.3685,80.6568,-16.137,-19.346
2022-10-04,85.3098,85.8238,82.299,-14.69,-17.704
2022-10-05,85.0995,85.6122,81.923,-14.9,-18.08
2022-10-06,84.6508,85.1607,81.2221,-15.349,-18.781
2022-10-07,83.3538,83.8559,79.844,-16.646,-20.159
2022-10-10,82.8448,83.3439,79.3366,-17.155,-20.666
2022-10-11,82.4626,82.9593,78.9239,-17.537,-21.079
2022-10-12,82.4397,82.9363,78.8369,-17.56,-21.166
2022-10-13,83.325,83.827,79.8064,-16.675,-20.197
2022-10-14,82.3194,82.8153,78.6717,-17.681,-21.331
2022-10-17,83.4456,83.9483,79.9494,-16.554,-20.054
2022-10-18,83.7669,84.2715,80.4869,-16.233,-19.516
2022-10-19,83.3777,83.88,79.769,-16.622,-20.234
2022-10-20,83.1172,83.618,79.3087,-16.883,-20.694
2022-10-21,84.0839,84.5905,80.418,-15.916,-19.585
2022-10-24,84.3533,84.8614,80.5979,-15.647,-19.405
2022-10-25,85.2814,85.7951,81.7149,-14.719,-18.288
2022-10-26,85.0904,85.603,81.7752,-14.91,-18.228
2022-10-27,84.7226,85.233,81.6303,-15.277,-18.373
2022-10-28,85.6139,86.1297,82.4343,-14.386,-17.569
2022-10-31,85.2307,85.7441,81.9633,-14.769,-18.04
2022-11-01,85.155,85.668,82.0379,-14.845,-17.965
2022-11-02,84.0439,84.5501,80.9105,-15.956,-19.093
2022-11-03,83.5661,84.0695,80.3769,-16.434,-19.626
2022-11-04,84.6748,85.1849,81.4906,-15.325,-18.513
2022-11-07,84.8817,85.393,81.739,-15.118,-18.264
2022-11-08,84.7744,85.2851,82.2442,-15.226,-17.759
2022-11-09,83.3762,83.8784,81.3198,-16.624,-18.683
2022-11-10,86.2344,86.7539,84.6141,-13.766,-15.389
2022-11-11,86.6512,87.1732,85.3021,-13.349,-14.701
2022-11-14,86.1738,86.6929,84.7427,-13.826,-15.261
2022-11-15,86.7548,87.2774,85.4353,-13.245,-14.568
2022-11-16,86.2659,86.7856,85.2184,-13.734,-14.785
2022-11-17,86.1347,86.6536,84.9971,-13.865,-15.006
2022-11-18,86.1784,86.6976,85.0772,-13.822,-14.926
2022-11-21,85.722,86.2384,84.8048,-14.278,-15.199
2022-11-22,86.3869,86.9073,85.6472,-13.613,-14.356
2022-11-23,86.8504,87.3736,86.2491,-13.15,-13.754
2022-11-25,86.7586,87.2813,86.2867,-13.241,-13.717
2022-11-28,86.045,86.5634,85.4777,-13.955,-14.526
2022-11-29,86.0805,86.599,85.4374,-13.92,-14.566
2022-11-30,87.7648,88.2935,87.1333,-12.235,-12.87
2022-12-01,87.9277,88.4574,87.5056,-12.072,-12.498
2022-12-02,87.9095,88.4391,87.6049,-12.091,-12.398
2022-12-05,86.9797,87.5037,86.4466,-13.02,-13.557
2022-12-06,86.4446,86.9654,85.9583,-13.555,-14.045
2022-12-07,86.3452,86.8653,86.1355,-13.655,-13.868
2022-12-08,86.7835,87.3063,86.4482,-13.216,-13.555
2022-12-09,86.4596,86.9804,85.9714,-13.54,-14.032
2022-12-12,86.8854,87.4088,86.4833,-13.115,-13.52
2022-12-13,87.522,88.0492,87.1866,-12.478,-12.817
2022-12-14,87.2906,87.8164,87.0276,-12.709,-12.976
2022-12-15,85.9138,86.4314,85.7308,-14.086,-14.272
2022-12-16,85.3996,85.9141,85.1334,-14.6,-14.87
2022-12-19,84.9113,85.4228,84.6208,-15.089,-15.382
2022-12-20,85.1239,85.6367,84.5138,-14.876,-15.489
2022-12-21,85.6935,86.2097,85.2687,-14.306,-14.735
2022-12-22,84.997,85.5091,84.6401,-15.003,-15.363
2022-12-23,85.1235,85.6363,84.7701,-14.877,-15.233
2022-12-27,84.9244,85.436,84.4813,-15.076,-15.522
2022-12-28,84.3494,84.8575,83.8022,-15.651,-16.201
2022-12-29,85.2402,85.7537,84.8131,-14.76,-15.19
2022-12-30,85.0277,85.5399,84.4023,-14.972,-15.601
2023-01-03,84.8836,85.5661,84.5654,-15.116,-15.438
2023-01-04,85.4099,86.0966,85.2907,-14.59,-14.713
2023-01-05,84.8692,85.5516,84.733,-15.131,-15.27
2023-01-06,86.053,86.7448,86.2724,-13.947,-13.731
2023-01-09,86.2639,86.9575,86.4361,-13.736,-13.567
2023-01-10,86.6077,87.3041,86.6157,-13.392,-13.388
2023-01-11,87.2875,87.9893,87.3468,-12.712,-12.657
2023-01-12,87.9244,88.6314,87.9607,-12.076,-12.043
2023-01-13,88.3976,89.1083,88.0809,-11.602,-11.923
2023-01-17,88.6439,89.3566,87.9931,-11.356,-12.01
2023-01-18,88.0309,88.7387,87.644,-11.969,-12.359
2023-01-19,88.0425,88.7503,87.3605,-11.958,-12.643
2023-01-20,89.1832,89.9002,88.0163,-10.817,-11.987
2023-01-23,89.8051,90.5272,88.4455,-10.195,-11.558
2023-01-24,89.7742,90.496,88.5664,-10.226,-11.437
2023-01-25,89.949,90.6722,88.6962,-10.051,-11.307
2023-01-26,90.4072,91.1341,89.0733,-9.593,-10.93
2023-01-27,90.5107,91.2384,89.0952,-9.489,-10.908
2023-01-30,89.7182,90.4396,88.3561,-10.282,-11.647
2023-01-31,90.3135,91.0396,89.1099,-9.687,-10.894
2023-02-01,91.2675,92.0013,89.9001,-8.733,-10.103
2023-02-02,91.7774,92.5153,90.3978,-8.223,-9.606
2023-02-03,90.902,91.6328,89.4752,-9.098,-10.528
2023-02-06,90.3043,91.0304,88.8588,-9.696,-11.145
2023-02-07,91.103,91.8354,89.4027,-8.897,-10.601
2023-02-08,90.5062,91.2339,88.9807,-9.494,-11.023
2023-02-09,89.9063,90.6291,88.5616,-10.094,-11.442
2023-02-10,89.6994,90.4206,88.4182,-10.301,-11.585
2023-02-13,90.3307,91.057,89.0819,-9.669,-10.922
2023-02-14,90.5095,91.2372,88.9539,-9.491,-11.05
2023-02-15,91.0618,91.794,88.9092,-8.938,-11.094
2023-02-16,90.2974,91.0235,88.1972,-9.703,-11.806
2023-02-17,90.3826,91.1093,88.163,-9.617,-11.84
2023-02-21,89.3553,90.0737,86.9401,-10.645,-13.063
2023-02-22,89.1786,89.8956,86.8701,-10.821,-13.133
2023-02-23,89.3965,90.1153,87.2608,-10.603,-12.743
2023-02-24,88.5098,89.2214,86.4,-11.49,-13.603
2023-02-27,88.9282,89.6432,86.7473,-11.072,-13.256
2023-02-28,88.6357,89.3483,86.5001,-11.364,-13.503
2023-03-01,88.7459,89.4594,86.3507,-11.254,-13.653
2023-03-02,88.9954,89.7109,86.5795,-11.005,-13.424
2023-03-03,89.5375,90.2574,87.6207,-10.462,-12.383
2023-03-06,89.5639,90.284,87.5445,-10.436,-12.459
2023-03-07,88.5548,89.2668,86.6474,-11.445,-13.356
2023-03-08,88.5758,89.2879,86.7555,-11.424,-13.248
2023-03-09,87.4346,88.1376,86.0184,-12.565,-13.985
2023-03-10,86.8422,87.5404,85.7785,-13.158,-14.225
2023-03-13,87.9061,88.6129,85.913,-12.094,-14.09
2023-03-14,88.7937,89.5076,86.4143,-11.206,-13.589
2023-03-15,88.2794,88.9892,86.1014,-11.721,-13.902
2023-03-16,89.3262,90.0444,86.769,-10.674,-13.234
2023-03-17,89.6009,90.3213,86.4671,-10.399,-13.536
2023-03-20,90.1193,90.8439,86.838,-9.881,-13.165
2023-03-21,90.772,91.5018,87.4061,-9.228,-12.597
2023-03-22,90.0792,90.8035,87.081,-9.921,-12.922
2023-03-23,90.6837,91.4128,87.3126,-9.316,-12.691
2023-03-24,90.5147,91.2425,87.5699,-9.485,-12.434
2023-03-27,90.4076,91.1345,87.3559,-9.592,-12.648
2023-03-28,90.4484,91.1756,87.3047,-9.552,-12.699
2023-03-29,91.393,92.1278,88.0081,-8.607,-11.995
2023-03-30,91.7671,92.505,88.4639,-8.233,-11.54
2023-03-31,92.44,93.1833,89.2053,-7.56,-10.798
2023-04-03,92.319,93.2478,89.6276,-7.681,-10.376
2023-04-04,92.3033,93.2319,89.5611,-7.697,-10.442
2023-04-05,92.0417,92.9676,89.4457,-7.958,-10.558
2023-04-06,92.22,93.1477,89.633,-7.78,-10.37
2023-04-10,92.4608,93.391,89.4426,-7.539,-10.561
2023-04-11,92.5954,93.527,89.5427,-7.405,-10.461
2023-04-12,92.4668,93.3971,89.4876,-7.533,-10.516
2023-04-13,93.2811,94.2195,90.1652,-6.719,-9.838
2023-04-14,93.0709,94.0072,89.857,-6.929,-10.146
2023-04-17,92.9729,93.9083,89.7856,-7.027,-10.218
2023-04-18,93.2065,94.1442,89.9217,-6.793,-10.082
2023-04-19,92.8072,93.7409,89.7615,-7.193,-10.242
2023-04-20,92.5489,93.48,89.7093,-7.451,-10.294
2023-04-21,92.3252,93.254,89.6705,-7.675,-10.333
2023-04-24,92.4709,93.4012,89.8843,-7.529,-10.119
2023-04-25,91.8011,92.7247,89.2609,-8.199,-10.743
2023-04-26,91.7435,92.6665,89.0,-8.257,-11.003
2023-04-27,92.8714,93.8057,89.7737,-7.129,-10.23
2023-04-28,93.2614,94.1996,90.3185,-6.739,-9.685
2023-05-01,92.9341,93.869,89.8892,-7.066,-10.114
2023-05-02,92.6959,93.6285,89.6421,-7.304,-10.361
2023-05-03,92.5746,93.5059,89.5658,-7.425,-10.438
2023-05-04,92.3608,93.29,89.2895,-7.639,-10.714
2023-05-05,93.2699,94.2082,90.065,-6.73,-9.939
2023-05-08,92.958,93.8932,89.9278,-7.042,-10.076
2023-05-09,92.7681,93.7014,89.6494,-7.232,-10.354
2023-05-10,92.9869,93.9223,90.0116,-7.013,-9.992
2023-05-11,92.8279,93.7618,90.0003,-7.172,-10.003
2023-05-12,92.6257,93.5575,89.6817,-7.374,-10.322
2023-05-15,93.0232,93.9591,89.9043,-6.977,-10.099
2023-05-16,92.5937,93.5252,89.4075,-7.406,-10.596
2023-05-17,93.142,94.0791,89.865,-6.858,-10.138
2023-05-18,93.3588,94.298,90.0151,-6.641,-9.988
2023-05-19,93.36,94.2992,89.9215,-6.64,-10.082
2023-05-22,93.4427,94.3827,89.9866,-6.557,-10.017
2023-05-23,92.9199,93.8547,89.3379,-7.08,-10.666
2023-05-24,92.2682,93.1964,88.7571,-7.732,-11.246
2023-05-25,92.6995,93.6321,88.8929,-7.3,-11.111
2023-05-26,93.6063,94.548,89.6131,-6.394,-10.39
2023-05-30,93.8557,94.7999,89.6895,-6.144,-10.314
2023-05-31,93.456,94.3961,89.4388,-6.544,-10.565
2023-06-01,94.0294,94.9754,90.1586,-5.971,-9.845
2023-06-02,94.618,95.5699,90.7606,-5.382,-9.243
2023-06-05,94.2911,95.2397,90.6125,-5.709,-9.391
2023-06-06,94.7224,95.6754,90.89,-5.278,-9.114
2023-06-07,94.0974,95.044,90.4322,-5.903,-9.571
2023-06-08,94.6532,95.6054,90.9888,-5.347,-9.015
2023-06-09,94.7523,95.7055,90.9913,-5.248,-9.012
2023-06-12,95.2156,96.1735,91.4734,-4.784,-8.53
2023-06-13,95.5049,96.4657,91.7384,-4.495,-8.265
2023-06-14,95.5354,96.4965,91.8714,-4.465,-8.132
2023-06-15,96.3664,97.3359,92.7504,-3.634,-7.253
2023-06-16,96.3128,97.2817,92.4849,-3.687,-7.519
2023-06-20,96.2817,97.2504,92.0844,-3.718,-7.919
2023-06-21,96.252,97.2204,91.9495,-3.748,-8.054
2023-06-22,96.3869,97.3566,91.8196,-3.613,-8.184
2023-06-23,96.0773,97.0438,91.3511,-3.923,-8.652
2023-06-26,95.8162,96.7801,91.2841,-4.184,-8.719
2023-06-27,96.4585,97.4289,91.7879,-3.542,-8.216
2023-06-28,96.427,97.3971,91.8974,-3.573,-8.106
2023-06-29,96.41,97.3799,91.7432,-3.59,-8.26
2023-06-30,97.0795,98.0562,92.5088,-2.92,-7.495
2023-07-03,97.122,98.2957,92.5504,-2.878,-7.453
2023-07-05,96.7879,97.9575,92.1364,-3.212,-7.867
2023-07-06,96.0736,97.2346,91.2701,-3.926,-8.733
2023-07-07,96.1057,97.2671,91.3392,-3.894,-8.664
2023-07-10,96.2472,97.4103,91.5946,-3.753,-8.409
2023-07-11,96.6552,97.8232,92.0846,-3.345,-7.919
2023-07-12,97.3187,98.4947,93.0093,-2.681,-6.994
2023-07-13,98.1449,99.331,93.8046,-1.855,-6.199
2023-07-14,97.8586,99.0412,93.4955,-2.141,-6.508
2023-07-17,98.0952,99.2807,93.6771,-1.905,-6.327
2023-07-18,98.4289,99.6184,94.0644,-1.571,-5.939
2023-07-19,98.5202,99.7107,94.223,-1.48,-5.781
2023-07-20,97.9081,99.0912,93.6926,-2.092,-6.311
2023-07-21,97.9034,99.0865,93.7523,-2.097,-6.251
2023-07-24,97.9499,99.1336,93.8906,-2.05,-6.113
2023-07-25,98.1539,99.3401,94.0341,-1.846,-5.97
2023-07-26,98.2673,99.4549,94.2283,-1.733,-5.775
2023-07-27,97.7196,98.9004,93.5318,-2.28,-6.472
2023-07-28,98.5336,99.7243,94.2616,-1.466,-5.742
2023-07-31,98.5915,99.7829,94.4016,-1.409,-5.602
2023-08-01,98.3439,99.5324,93.8271,-1.656,-6.177
2023-08-02,97.3367,98.5129,92.812,-2.663,-7.192
2023-08-03,97.1793,98.3537,92.4575,-2.821,-7.546
2023-08-04,97.063,98.236,92.6253,-2.937,-7.378
2023-08-07,97.4784,98.6563,93.0074,-2.522,-6.996
2023-08-08,97.2672,98.4426,92.8228,-2.733,-7.181
2023-08-09,96.9289,98.1002,92.6006,-3.071,-7.403
2023-08-10,96.8945,98.0655,92.4672,-3.105,-7.536
2023-08-11,96.6809,97.8492,92.1698,-3.319,-7.834
2023-08-14,96.8472,98.0175,92.2512,-3.153,-7.752
2023-08-15,96.1831,97.3454,91.5128,-3.817,-8.491
2023-08-16,95.6191,96.7746,90.9951,-4.381,-9.008
2023-08-17,94.9279,96.0751,90.583,-5.072,-9.42
2023-08-18,94.8365,95.9826,90.6637,-5.163,-9.34
2023-08-21,95.2358,96.3867,90.7833,-4.764,-9.22
2023-08-22,95.103,96.2523,90.6937,-4.897,-9.31
2023-08-23,95.8735,97.032,91.63,-4.127,-8.374
2023-08-24,95.1147,96.2641,90.8502,-4.885,-9.153
2023-08-25,95.4261,96.5793,91.1875,-4.574,-8.816
2023-08-28,95.8353,96.9934,91.664,-4.165,-8.34
2023-08-29,96.9442,98.1157,92.6485,-3.056,-7.355
2023-08-30,97.0835,98.2567,92.7828,-2.917,-7.221
2023-08-31,96.7667,97.9361,92.6905,-3.233,-7.313
2023-09-01,96.8144,97.9843,92.6698,-3.186,-7.334
2023-09-05,96.6179,97.7855,92.1469,-3.382,-7.857
2023-09-06,96.2329,97.3959,91.7842,-3.767,-8.219
2023-09-07,96.0655,97.2264,91.6943,-3.935,-8.309
2023-09-08,96.1266,97.2882,91.7455,-3.873,-8.258
2023-09-11,96.4658,97.6315,92.138,-3.534,-7.866
2023-09-12,96.2726,97.436,91.887,-3.727,-8.117
2023-09-13,96.3986,97.5635,91.9475,-3.601,-8.056
2023-09-14,96.9176,98.0888,92.4097,-3.082,-7.594
2023-09-15,96.3914,97.5563,91.8261,-3.609,-8.177
2023-09-18,96.4663,97.6321,91.8383,-3.534,-8.165
2023-09-19,96.4166,97.5817,91.6735,-3.583,-8.33
2023-09-20,95.8996,97.0585,91.2239,-4.1,-8.78
2023-09-21,94.9035,96.0504,90.0939,-5.096,-9.91
2023-09-22,94.9456,96.093,90.2252,-5.054,-9.778
2023-09-25,94.9641,96.1117,90.0452,-5.036,-9.958
2023-09-26,94.2208,95.3594,89.2258,-5.779,-10.778
2023-09-27,94.2578,95.3968,89.099,-5.742,-10.904
2023-09-28,94.689,95.8333,89.5091,-5.311,-10.494
2023-09-29,94.5576,95.7003,89.3714,-5.442,-10.632
2023-10-02,94.3229,95.6541,88.8927,-5.677,-11.111
2023-10-03,93.5382,94.8583,87.9073,-6.462,-12.096
2023-10-04,93.8958,95.2209,88.3879,-6.104,-11.616
2023-10-05,93.8459,95.1703,88.5038,-6.154,-11.5
2023-10-06,94.5995,95.9345,89.0055,-5.401,-10.998
2023-10-09,94.895,96.2342,89.5677,-5.105,-10.436
2023-10-10,95.2012,96.5448,89.9588,-4.799,-10.045
2023-10-11,95.3993,96.7457,90.3506,-4.601,-9.653
2023-10-12,95.0228,96.3639,89.6493,-4.977,-10.354
2023-10-13,94.8882,96.2273,89.4956,-5.112,-10.508
2023-10-16,95.6478,96.9976,89.822,-4.352,-10.181
2023-10-17,95.5934,96.9425,89.5784,-4.407,-10.425
2023-10-18,94.8708,96.2097,88.6324,-5.129,-11.371
2023-10-19,94.5841,95.919,88.0531,-5.416,-11.95
2023-10-20,94.1629,95.4918,87.5536,-5.837,-12.45
2023-10-23,94.7094,96.046,87.6186,-5.291,-12.385
2023-10-24,95.2433,96.5874,88.1234,-4.757,-11.88
2023-10-25,94.5929,95.9278,87.1929,-5.407,-12.811
2023-10-26,93.988,95.3145,86.9036,-6.012,-13.1
2023-10-27,93.9371,95.2628,86.7039,-6.063,-13.299
2023-10-30,94.5247,95.8587,87.2402,-5.475,-12.763
2023-10-31,94.7358,96.0728,87.4503,-5.264,-12.553
2023-11-01,95.4959,96.8436,88.3473,-4.504,-11.656
2023-11-02,96.3464,97.7061,89.5792,-3.654,-10.424
2023-11-03,96.8617,98.2286,90.3641,-3.138,-9.639
2023-11-06,96.9823,98.3509,90.2596,-3.018,-9.744
2023-11-07,97.2076,98.5795,90.4326,-2.792,-9.571
2023-11-08,97.1941,98.5657,90.5225,-2.806,-9.481
2023-11-09,97.0207,98.3899,89.942,-2.979,-10.061
2023-11-10,97.8272,99.2078,90.6687,-2.173,-9.335
2023-11-13,97.6584,99.0366,90.6579,-2.342,-9.346
2023-11-14,98.5532,99.944,92.2573,-1.447,-7.746
2023-11-15,99.0308,100.4284,92.1684,-0.969,-7.835
2023-11-16,98.7835,100.1776,92.3574,-1.216,-7.646
2023-11-17,98.9752,100.372,92.6548,-1.025,-7.349
2023-11-20,99.5626,100.9677,93.0973,-0.437,-6.906
2023-11-21,99.1328,100.5318,92.9661,-0.867,-7.038
2023-11-22,99.6419,101.0481,93.1776,-0.358,-6.826
2023-11-24,99.6817,101.0885,93.1235,-0.318,-6.88
2023-11-27,99.571,100.9762,93.2218,-0.429,-6.782
2023-11-28,99.8698,101.2793,93.4772,-0.13,-6.526
2023-11-29,99.8615,101.2708,93.6366,-0.139,-6.367
2023-11-30,99.895,101.3048,93.6789,-0.105,-6.325
2023-12-01,100.4373,101.8547,94.3733,0.0,-5.63
2023-12-04,100.5431,101.9621,93.8635,0.0,-6.14
2023-12-05,100.8924,102.3163,94.0293,0.0,-5.974
2023-12-06,100.7291,102.1506,93.9985,-0.162,-6.005
2023-12-07,100.9975,102.4228,94.3793,0.0,-5.624
2023-12-08,101.2714,102.7006,94.3581,0.0,-5.646
2023-12-11,100.9869,102.4121,94.5526,-0.281,-5.451
2023-12-12,101.2263,102.6549,94.8733,-0.044,-5.13
2023-12-13,102.4206,103.866,96.1514,0.0,-3.852
2023-12-14,102.737,104.1869,96.7449,0.0,-3.259
2023-12-15,102.4557,103.9017,96.4543,-0.274,-3.549
2023-12-18,102.8004,104.2511,96.6361,0.0,-3.368
2023-12-19,103.1403,104.5959,97.1226,0.0,-2.881
2023-12-20,102.6562,104.1049,96.4267,-0.469,-3.577
2023-12-21,103.316,104.7741,97.1402,0.0,-2.864
2023-12-22,103.4438,104.9036,97.2139,0.0,-2.79
2023-12-26,103.4826,104.943,97.5105,0.0,-2.493
2023-12-27,103.9401,105.407,97.9458,0.0,-2.058
2023-12-28,103.732,105.196,97.8691,-0.2,-2.135
2023-12-29,103.4692,104.9295,97.6877,-0.453,-2.316
2024-01-02,103.0342,104.6977,97.0509,-0.872,-2.953
2024-01-03,102.3263,103.9784,96.6734,-1.553,-3.33
2024-01-04,102.3435,103.9958,96.3865,-1.536,-3.617
2024-01-05,102.3119,103.9638,96.3323,-1.566,-3.671
2024-01-08,103.4598,105.1302,97.2109,-0.462,-2.793
2024-01-09,103.1864,104.8524,96.922,-0.725,-3.082
2024-01-10,103.5933,105.2658,97.194,-0.334,-2.81
2024-01-11,103.6456,105.319,97.3925,-0.283,-2.611
2024-01-12,103.4622,105.1326,97.5575,-0.46,-2.446
2024-01-16,102.9655,104.6279,96.7974,-0.938,-3.206
2024-01-17,102.4316,104.0854,96.2807,-1.451,-3.723
2024-01-18,102.7642,104.4233,96.7145,-1.131,-3.289
2024-01-19,103.5503,105.2222,97.2883,-0.375,-2.715
2024-01-22,103.4806,105.1513,97.4323,-0.442,-2.571
2024-01-23,103.5,105.171,97.4736,-0.423,-2.53
2024-01-24,103.6209,105.2939,97.5618,-0.307,-2.442
2024-01-25,103.9392,105.6173,98.0176,-0.001,-1.986
2024-01-26,104.1768,105.8587,97.9957,0.0,-2.008
2024-01-29,104.8216,106.514,98.5324,0.0,-1.471
2024-01-30,104.7453,106.4364,98.5121,-0.073,-1.492
2024-01-31,103.8904,105.5677,97.9182,-0.888,-2.086
2024-02-01,104.8106,106.5028,98.8548,-0.011,-1.149
2024-02-02,105.0653,106.7616,98.7816,0.0,-1.222
2024-02-05,104.655,106.3447,98.2398,-0.391,-1.764
2024-02-06,105.0727,106.7691,98.7493,0.0,-1.255
2024-02-07,105.5518,107.2559,99.0118,0.0,-0.992
2024-02-08,105.7172,107.424,98.8877,0.0,-1.116
2024-02-09,106.2889,108.0049,99.1692,0.0,-0.835
2024-02-12,106.5905,108.3114,99.2184,0.0,-0.785
2024-02-13,105.4033,107.1051,97.9583,-1.114,-2.045
2024-02-14,106.3721,108.0895,98.7246,-0.205,-1.279
2024-02-15,106.8426,108.5676,99.2972,0.0,-0.707
2024-02-16,106.5788,108.2995,99.004,-0.247,-1.0
2024-02-20,106.3359,108.0527,98.8872,-0.474,-1.117
2024-02-21,106.2234,107.9383,98.842,-0.58,-1.162
2024-02-22,107.5679,109.3046,99.9191,0.0,-0.085
2024-02-23,107.5527,109.2892,100.0865,-0.014,0.0
2024-02-26,107.7866,109.5268,99.8204,0.0,-0.266
2024-02-27,108.1986,109.9455,99.8759,0.0,-0.21
2024-02-28,108.4242,110.1747,99.7517,0.0,-0.334
2024-02-29,108.9591,110.7183,100.0134,0.0,-0.073
2024-03-01,109.9736,111.7491,100.8031,0.0,0.0
2024-03-04,110.504,112.2881,100.6015,0.0,-0.2
2024-03-05,109.2257,110.9891,100.3135,-1.157,-0.486
2024-03-06,110.3648,112.1467,100.8601,-0.126,0.0
2024-03-07,111.1293,112.9235,101.5314,0.0,0.0
2024-03-08,110.8589,112.6487,101.2548,-0.243,-0.272
2024-03-11,111.0445,112.8373,101.1365,-0.076,-0.389
2024-03-12,111.4985,113.2986,101.6341,0.0,0.0
2024-03-13,111.7215,113.5252,101.4752,0.0,-0.156
2024-03-14,110.953,112.7443,101.0243,-0.688,-0.6
2024-03-15,110.5446,112.3294,100.689,-1.053,-0.93
2024-03-18,110.6498,112.4362,100.9073,-0.959,-0.715
2024-03-19,110.6461,112.4324,101.2526,-0.963,-0.375
2024-03-20,111.5749,113.3763,101.9099,-0.131,0.0
2024-03-21,111.7436,113.5477,102.0885,0.0,0.0
2024-03-22,111.4836,113.2835,102.0826,-0.233,-0.006
2024-03-25,112.2312,114.0431,101.8796,0.0,-0.205
2024-03-26,111.9076,113.7144,101.7914,-0.288,-0.291
2024-03-27,112.2829,114.0957,102.41,0.0,0.0
2024-03-28,112.7759,114.5966,102.3497,0.0,-0.059
2024-04-01,112.4649,114.5096,101.9794,-0.276,-0.42
2024-04-02,111.8542,113.8879,101.5819,-0.817,-0.809
2024-04-03,112.0198,114.0565,101.7351,-0.67,-0.659
2024-04-04,111.4812,113.5081,101.1799,-1.148,-1.201
2024-04-05,112.0644,114.1018,101.4778,-0.631,-0.91
2024-04-08,112.5904,114.6375,101.5619,-0.164,-0.828
2024-04-09,112.5176,114.5633,101.8134,-0.229,-0.583
2024-04-10,111.9615,113.9971,100.6565,-0.722,-1.712
2024-04-11,112.6625,114.7108,101.0182,-0.101,-1.359
2024-04-12,111.2951,113.3186,100.2029,-1.313,-2.155
2024-04-15,110.5267,112.5362,99.3379,-1.994,-3.0
2024-04-16,110.1992,112.2027,98.9414,-2.285,-3.387
2024-04-17,109.5917,111.5842,98.9096,-2.823,-3.418
2024-04-18,109.6929,111.6873,98.7161,-2.734,-3.607
2024-04-19,109.2924,111.2795,98.4332,-3.089,-3.883
2024-04-22,109.8059,111.8023,98.9903,-2.633,-3.339
2024-04-23,110.5649,112.5751,99.747,-1.96,-2.6
2024-04-24,110.3393,112.3454,99.5891,-2.161,-2.755
2024-04-25,110.1999,112.2034,99.2752,-2.284,-3.061
2024-04-26,111.0729,113.0924,99.9229,-1.51,-2.429
2024-04-29,111.1524,113.1733,100.306,-1.44,-2.054
2024-04-30,109.8164,111.813,99.2473,-2.624,-3.088
2024-05-01,109.4513,111.4413,99.2466,-2.948,-3.089
2024-05-02,110.1675,112.1704,100.1136,-2.313,-2.242
2024-05-03,111.187,113.2086,100.9883,-1.409,-1.388
2024-05-06,111.9178,113.9527,101.5437,-0.761,-0.846
2024-05-07,111.9822,114.0181,101.6674,-0.704,-0.725
2024-05-08,111.8932,113.9276,101.5456,-0.783,-0.844
2024-05-09,112.401,114.4446,102.0114,-0.332,-0.389
2024-05-10,112.3434,114.386,101.9754,-0.383,-0.424
2024-05-13,112.6167,114.6642,102.0459,-0.141,-0.355
2024-05-14,112.8763,114.9285,102.4873,0.0,0.0
2024-05-15,114.0412,116.1146,103.4577,0.0,0.0
2024-05-16,113.8473,115.9172,103.2392,-0.17,-0.211
2024-05-17,114.2667,116.3442,103.2901,0.0,-0.162
2024-05-20,114.6894,116.7746,103.2913,0.0,-0.161
2024-05-21,114.6785,116.7635,103.4268,-0.01,-0.03
2024-05-22,114.3465,116.4254,103.0953,-0.299,-0.35
2024-05-23,113.5853,115.6504,102.5287,-0.963,-0.898
2024-05-24,114.2041,116.2805,103.0206,-0.423,-0.423
2024-05-28,114.3249,116.4035,102.8543,-0.318,-0.583
2024-05-29,113.5472,115.6117,102.065,-0.996,-1.346
2024-05-30,113.3454,115.4061,102.093,-1.172,-1.319
2024-05-31,113.5182,115.5821,102.6983,-1.021,-0.734
2024-06-03,113.895,115.9658,103.0587,-0.693,-0.386
2024-06-04,113.7902,115.8591,103.1267,-0.784,-0.32
2024-06-05,114.899,116.988,103.922,0.0,0.0
2024-06-06,114.9427,117.0326,103.9862,0.0,0.0
2024-06-07,114.3681,116.4475,103.3642,-0.5,-0.598
2024-06-10,114.7142,116.7999,103.493,-0.199,-0.474
2024-06-11,114.6786,116.7636,103.5667,-0.23,-0.403
2024-06-12,115.3197,117.4164,104.3217,0.0,0.0
2024-06-13,115.2478,117.3432,104.3665,-0.062,0.0
2024-06-14,115.3272,117.424,104.3477,0.0,-0.018
2024-06-17,115.9344,118.0423,104.6027,0.0,0.0
2024-06-18,116.026,118.1356,104.9541,0.0,0.0
2024-06-20,116.061,118.1711,104.7416,0.0,-0.202
2024-06-21,115.695,117.7985,104.5375,-0.315,-0.397
2024-06-24,115.1983,117.2928,104.5958,-0.743,-0.341
2024-06-25,115.6634,117.7663,104.7957,-0.343,-0.151
2024-06-26,115.512,117.6122,104.5268,-0.473,-0.407
2024-06-27,115.775,117.8799,104.7048,-0.246,-0.237
2024-06-28,115.4521,117.5512,104.3631,-0.525,-0.563
2024-07-01,115.8059,118.1477,104.263,-0.22,-0.658
2024-07-02,116.0745,118.4217,104.736,0.0,-0.208
2024-07-03,116.5509,118.9078,105.4138,0.0,0.0
2024-07-05,116.7478,119.1086,105.9658,0.0,0.0
2024-07-08,116.6477,119.0066,105.9444,-0.086,-0.02
2024-07-09,116.8603,119.2234,105.9356,0.0,-0.028
2024-07-10,117.5086,119.8848,106.6304,0.0,0.0
2024-07-11,117.0309,119.3974,106.5711,-0.407,-0.056
2024-07-12,117.4449,119.8198,107.1322,-0.054,0.0
2024-07-15,117.9949,120.381,106.9487,0.0,-0.171
2024-07-16,118.6952,121.0954,107.4771,0.0,0.0
2024-07-17,117.4162,119.7905,106.7465,-1.078,-0.68
2024-07-18,116.806,119.168,106.1071,-1.592,-1.275
2024-07-19,116.5241,118.8805,105.5718,-1.829,-1.773
2024-07-22,117.309,119.6812,106.1856,-1.168,-1.202
2024-07-23,116.7714,119.1327,105.9923,-1.621,-1.382
2024-07-24,115.2282,117.5583,104.6314,-2.921,-2.648
2024-07-25,114.6315,116.9496,104.411,-3.424,-2.853
2024-07-26,115.7567,118.0975,105.3058,-2.476,-2.02
2024-07-29,115.6667,118.0057,105.299,-2.551,-2.027
2024-07-30,115.2218,117.5517,105.143,-2.926,-2.172
2024-07-31,116.5114,118.8674,106.3769,-1.84,-1.024
2024-08-01,115.1229,117.4508,105.4761,-3.01,-1.862
2024-08-02,113.8286,116.1304,104.848,-4.1,-2.446
2024-08-05,111.1464,113.394,103.0878,-6.36,-4.084
2024-08-06,111.6538,113.9117,103.2776,-5.932,-3.907
2024-08-07,111.182,113.4303,103.009,-6.33,-4.157
2024-08-08,113.1158,115.4032,104.2503,-4.701,-3.002
2024-08-09,113.5423,115.8383,104.6456,-4.341,-2.635
2024-08-12,113.6698,115.9684,104.7595,-4.234,-2.529
2024-08-13,114.9519,117.2764,105.9068,-3.154,-1.461
2024-08-14,114.8268,117.1488,106.128,-3.259,-1.255
2024-08-15,115.7082,118.048,106.9231,-2.517,-0.515
2024-08-16,116.3651,118.7183,107.2441,-1.963,-0.217
2024-08-19,116.977,119.3425,107.9479,-1.448,0.0
2024-08-20,116.9136,119.2778,107.9014,-1.501,-0.043
2024-08-21,117.4075,119.7817,108.3214,-1.085,0.0
2024-08-22,116.542,118.8987,107.6254,-1.814,-0.643
2024-08-23,117.7475,120.1286,108.6601,-0.798,0.0
2024-08-26,117.4297,119.8043,108.4036,-1.066,-0.236
2024-08-27,117.4264,119.801,108.5374,-1.069,-0.113
2024-08-28,116.6487,119.0075,108.1478,-1.724,-0.472
2024-08-29,116.7246,119.0849,108.1457,-1.66,-0.473
2024-08-30,117.0977,119.4656,108.5237,-1.346,-0.126
2024-09-03,115.7469,118.0875,107.4634,-2.484,-1.101
2024-09-04,115.6866,118.026,107.5061,-2.535,-1.062
2024-09-05,115.5264,117.8626,107.5417,-2.67,-1.029
2024-09-06,114.0619,116.3684,106.4943,-3.904,-1.993
2024-09-09,115.1547,117.4833,107.2374,-2.983,-1.309
2024-09-10,115.5665,117.9034,107.4698,-2.636,-1.095
2024-09-11,116.2272,118.5775,107.9983,-2.079,-0.609
2024-09-12,116.9347,119.2993,108.5109,-1.483,-0.137
2024-09-13,117.4887,119.8645,108.8912,-1.016,0.0
2024-09-16,117.483,119.8587,109.2152,-1.021,0.0
2024-09-17,117.5856,119.9634,109.1075,-0.935,-0.099
2024-09-18,117.2302,119.6008,108.7601,-1.234,-0.417
2024-09-19,118.8572,121.2607,109.9336,0.0,0.0
2024-09-20,118.7985,121.2008,109.6861,-0.049,-0.225
2024-09-23,119.0586,121.4662,109.8792,0.0,-0.05
2024-09-24,119.7624,122.1842,110.3638,0.0,0.0
2024-09-25,119.3839,121.7981,109.9404,-0.316,-0.384
2024-09-26,120.2398,122.6713,110.6606,0.0,0.0
2024-09-27,120.1256,122.5548,110.6315,-0.095,-0.026
2024-09-30,119.8528,122.2764,110.6056,-0.322,-0.05
2024-10-01,119.1037,121.7557,110.2647,-0.945,-0.358
2024-10-02,119.0708,121.7221,110.2681,-0.972,-0.355
2024-10-03,118.7069,121.35,109.7578,-1.275,-0.816
2024-10-04,119.1835,121.8373,110.0391,-0.878,-0.562
2024-10-07,118.697,121.34,109.4673,-1.283,-1.078
2024-10-08,118.8932,121.5405,109.738,-1.12,-0.834
2024-10-09,118.9906,121.6401,109.8978,-1.039,-0.689
2024-10-10,118.8221,121.4679,109.7849,-1.179,-0.791
2024-10-11,119.5821,122.2448,110.1814,-0.547,-0.433
2024-10-14,120.1793,122.8553,110.5311,-0.05,-0.117
2024-10-15,119.6558,122.3201,110.0109,-0.486,-0.587
2024-10-16,120.0419,122.7148,110.3672,-0.165,-0.265
2024-10-17,119.8517,122.5203,110.127,-0.323,-0.482
2024-10-18,120.4797,123.1624,110.4977,0.0,-0.147
2024-10-21,120.0413,122.7142,109.9174,-0.364,-0.672
2024-10-22,120.0061,122.6782,109.8187,-0.393,-0.761
2024-10-23,119.0631,121.7142,109.111,-1.176,-1.4
2024-10-24,119.5595,122.2216,109.3269,-0.764,-1.205
2024-10-25,119.4272,122.0864,109.1626,-0.874,-1.354
2024-10-28,119.8817,122.551,109.3921,-0.496,-1.146
2024-10-29,120.4162,123.0974,109.4237,-0.053,-1.118
2024-10-30,119.9905,122.6622,109.1209,-0.406,-1.391
2024-10-31,118.531,121.1703,108.1125,-1.617,-2.303
2024-11-01,118.6353,121.2769,108.1596,-1.531,-2.26
2024-11-04,118.4045,121.0409,108.3008,-1.722,-2.133
2024-11-05,119.3964,122.0549,109.168,-0.899,-1.349
2024-11-06,120.7672,123.4562,109.6595,0.0,-0.905
2024-11-07,121.8615,124.5749,110.6998,0.0,0.0
2024-11-08,121.7429,124.4536,110.6269,-0.097,-0.066
2024-11-11,122.4503,125.1768,110.5543,0.0,-0.131
2024-11-12,122.1573,124.8773,109.8067,-0.239,-0.807
2024-11-13,122.0342,124.7514,109.7065,-0.34,-0.897
2024-11-14,121.3845,124.0873,109.3781,-0.87,-1.194
2024-11-15,120.9653,123.6587,108.745,-1.213,-1.766
2024-11-18,121.4734,124.1781,109.1067,-0.798,-1.439
2024-11-19,121.867,124.5806,109.3558,-0.476,-1.214
2024-11-20,122.0751,124.7933,109.2739,-0.306,-1.288
2024-11-21,122.723,125.4556,109.4902,0.0,-1.093
2024-11-22,123.1329,125.8746,109.7331,0.0,-0.873
2024-11-25,122.8122,125.5468,110.3461,-0.26,-0.32
2024-11-26,122.6516,125.3826,110.4214,-0.391,-0.252
2024-11-27,123.0158,125.7549,110.4846,-0.095,-0.194
2024-11-29,123.6614,126.4149,111.1064,0.0,0.0
2024-12-02,123.794,126.5505,111.3038,0.0,0.0
2024-12-03,123.8677,126.6258,111.3025,0.0,-0.001
2024-12-04,124.7153,127.4922,111.748,0.0,0.0
2024-12-05,124.5652,127.3388,111.8058,-0.12,0.0
2024-12-06,125.0853,127.8705,111.9801,0.0,0.0
2024-12-09,124.4206,127.191,111.7215,-0.531,-0.231
2024-12-10,124.1821,126.9471,111.3092,-0.722,-0.599
2024-12-11,125.3436,128.1345,111.6961,0.0,-0.254
2024-12-12,124.6425,127.4178,111.0909,-0.559,-0.794
2024-12-13,124.6642,127.44,110.8638,-0.542,-0.997
2024-12-16,125.3617,128.153,111.0224,0.0,-0.855
2024-12-17,125.1698,127.9568,110.757,-0.153,-1.092
2024-12-18,122.4177,125.1435,108.5518,-2.348,-3.062
2024-12-19,121.8594,124.5728,108.4162,-2.794,-3.183
2024-12-20,122.4933,125.2208,109.0844,-2.288,-2.586
2024-12-23,122.5633,125.2923,109.393,-2.232,-2.31
2024-12-24,123.7805,126.5366,109.994,-1.261,-1.774
2024-12-26,123.4766,126.2259,110.0647,-1.504,-1.71
2024-12-27,122.6914,125.4233,109.4481,-2.13,-2.261
2024-12-30,122.0477,124.7653,108.9638,-2.643,-2.694
2024-12-31,121.7957,124.5077,108.6846,-2.845,-2.943
2025-01-02,121.8389,124.8014,108.5569,-2.81,-3.057
2025-01-03,122.5874,125.5681,109.1768,-2.213,-2.503
2025-01-06,123.2288,126.2251,109.5599,-1.701,-2.161
2025-01-07,122.158,125.1282,108.8122,-2.556,-2.829
2025-01-08,122.1385,125.1083,108.8715,-2.571,-2.776
2025-01-10,121.3312,124.2813,107.6243,-3.215,-3.89
2025-01-13,121.1395,124.085,107.5565,-3.368,-3.95
2025-01-14,121.3966,124.3483,107.7597,-3.163,-3.769
2025-01-15,122.9082,125.8967,109.1487,-1.957,-2.529
2025-01-16,122.9007,125.8891,109.238,-1.963,-2.449
2025-01-17,123.8615,126.8732,109.7783,-1.197,-1.966
2025-01-21,124.5622,127.5909,110.6849,-0.638,-1.157
2025-01-22,124.8299,127.8651,110.8004,-0.424,-1.053
2025-01-23,125.0522,128.0929,111.1271,-0.247,-0.762
2025-01-24,125.0307,128.0708,111.186,-0.264,-0.709
2025-01-27,123.7149,126.723,110.6553,-1.314,-1.183
2025-01-28,124.3848,127.4092,111.0297,-0.779,-0.849
2025-01-29,124.3755,127.3997,110.8123,-0.787,-1.043
2025-01-30,124.9984,128.0377,111.3752,-0.29,-0.54
2025-01-31,124.4447,127.4705,110.8501,-0.731,-1.009
2025-02-03,124.0366,127.0526,110.3716,-1.057,-1.436
2025-02-04,124.5387,127.5669,111.0108,-0.656,-0.866
2025-02-05,124.8041,127.8387,111.5659,-0.445,-0.37
2025-02-06,125.0323,128.0725,111.7784,-0.263,-0.18
2025-02-07,124.3874,127.4118,111.0601,-0.777,-0.822
2025-02-10,125.2468,128.2922,111.5717,-0.092,-0.365
2025-02-11,125.049,128.0896,111.5798,-0.249,-0.357
2025-02-12,125.0421,128.0824,111.2696,-0.255,-0.634
2025-02-13,125.8493,128.9093,112.2504,0.0,0.0
2025-02-14,125.8822,128.943,112.4357,0.0,0.0
2025-02-18,126.1186,129.1851,112.5392,0.0,0.0
2025-02-19,126.2261,129.2953,112.5546,0.0,0.0
2025-02-20,126.2543,129.3242,112.5582,0.0,0.0
2025-02-21,125.0196,128.0594,111.8305,-0.978,-0.647
2025-02-24,124.5569,127.5855,111.5662,-1.344,-0.881
2025-02-25,123.7935,126.8036,111.754,-1.949,-0.714
2025-02-26,123.7385,126.7472,111.9183,-1.993,-0.568
2025-02-27,122.3753,125.3509,110.8454,-3.072,-1.522
2025-02-28,123.0952,126.0883,111.6453,-2.502,-0.811
2025-03-03,122.4153,125.3918,111.0663,-3.041,-1.325
2025-03-04,121.9938,124.9601,110.4276,-3.375,-1.893
2025-03-05,123.0584,126.0506,111.3249,-2.531,-1.096
2025-03-06,121.784,124.7452,110.3152,-3.541,-1.993
2025-03-07,122.0287,124.9958,110.6949,-3.347,-1.655
2025-03-10,119.629,122.5378,109.2373,-5.248,-2.95
2025-03-11,119.6539,122.5632,108.7072,-5.228,-3.421
2025-03-12,120.1188,123.0394,108.9747,-4.86,-3.184
2025-03-13,119.3927,122.2957,108.4269,-5.435,-3.67
2025-03-14,120.9726,123.9141,109.5668,-4.183,-2.658
2025-03-17,121.6071,124.564,110.2525,-3.681,-2.048
2025-03-18,120.9962,123.9382,109.8279,-4.165,-2.426
2025-03-19,121.8643,124.8274,110.4617,-3.477,-1.863
2025-03-20,121.5027,124.457,110.1987,-3.764,-2.096
2025-03-21,121.4006,124.3524,110.0584,-3.844,-2.221
2025-03-24,122.4367,125.4137,110.6374,-3.024,-1.706
2025-03-25,122.7101,125.6937,110.8715,-2.807,-1.498
2025-03-26,121.7992,124.7607,110.0305,-3.529,-2.246
2025-03-27,121.8578,124.8208,109.9477,-3.482,-2.319
2025-03-28,120.5813,123.5132,109.0865,-4.493,-3.084
2025-03-31,120.7233,123.6587,109.2657,-4.381,-2.925
2025-04-01,121.0212,124.2122,109.6271,-4.145,-2.604
2025-04-02,121.4423,124.6444,109.9121,-3.811,-2.351
2025-04-03,118.5435,121.6693,107.5942,-6.107,-4.41
2025-04-04,115.1024,118.1374,103.8782,-8.833,-7.712
2025-04-07,113.8465,116.8483,102.6312,-9.828,-8.819
2025-04-08,112.9618,115.9403,101.6773,-10.528,-9.667
2025-04-09,118.6339,121.762,106.7749,-6.036,-5.138
2025-04-10,116.5836,119.6576,104.6029,-7.66,-7.068
2025-04-11,118.1147,121.2291,105.8402,-6.447,-5.968
2025-04-14,118.7284,121.859,106.7365,-5.961,-5.172
2025-04-15,118.7695,121.9011,106.8419,-5.928,-5.079
2025-04-16,117.9513,121.0614,105.9251,-6.576,-5.893
2025-04-17,118.0969,121.2108,106.1047,-6.461,-5.733
2025-04-21,117.3006,120.3935,104.8079,-7.092,-6.886
2025-04-22,118.9232,122.0589,106.2969,-5.807,-5.563
2025-04-23,119.7902,122.9488,107.1467,-5.12,-4.808
2025-04-24,121.2257,124.4221,108.5523,-3.983,-3.559
2025-04-25,121.7752,124.9861,109.0279,-3.548,-3.136
2025-04-28,121.9026,125.1169,109.2919,-3.447,-2.902
2025-04-29,122.2319,125.4549,109.7368,-3.186,-2.507
2025-04-30,122.1539,125.3748,109.7036,-3.248,-2.536
2025-05-01,122.4241,125.6521,109.8321,-3.034,-2.422
2025-05-02,123.348,126.6004,110.7105,-2.302,-1.642
2025-05-05,123.1614,126.4089,110.5037,-2.45,-1.825
2025-05-06,123.116,126.3623,110.1858,-2.486,-2.108
2025-05-07,123.1963,126.4447,110.3332,-2.422,-1.977
2025-05-08,123.6089,126.8681,110.3324,-2.095,-1.977
2025-05-09,123.8868,127.1534,110.4363,-1.875,-1.885
2025-05-12,125.2935,128.5972,111.9806,-0.761,-0.513
2025-05-13,126.0378,129.3611,112.3077,-0.171,-0.223
2025-05-14,125.8672,129.186,112.1973,-0.307,-0.321
2025-05-15,126.3573,129.689,112.8393,0.0,0.0
2025-05-16,126.6647,130.0045,113.1951,0.0,0.0
2025-05-19,126.9958,130.3444,113.389,0.0,0.0
2025-05-20,127.0857,130.4366,113.2201,0.0,-0.149
2025-05-21,126.2902,129.6202,112.0667,-0.626,-1.166
2025-05-22,126.4708,129.8056,112.1691,-0.484,-1.076
2025-05-23,126.2455,129.5743,112.0045,-0.661,-1.221
2025-05-27,127.4206,130.7804,113.3673,0.0,-0.019
2025-05-28,126.7316,130.0733,112.8037,-0.541,-0.516
2025-05-29,126.9854,130.3337,113.2384,-0.342,-0.133
2025-05-30,126.7731,130.1158,113.2148,-0.508,-0.154
2025-06-02,127.4263,130.7862,113.6293,0.0,0.0
2025-06-03,127.7174,131.0851,113.7279,0.0,0.0
2025-06-04,127.9979,131.3729,114.1234,0.0,0.0
2025-06-05,127.4307,130.7908,113.8532,-0.443,-0.237
2025-06-06,127.9238,131.2968,114.1559,-0.058,0.0
2025-06-09,128.4212,131.8074,114.3285,0.0,0.0
2025-06-10,128.8758,132.2739,114.7677,0.0,0.0
2025-06-11,128.8867,132.2851,114.7969,0.0,0.0
2025-06-12,129.1942,132.6008,115.2706,0.0,0.0
2025-06-13,128.3548,131.7392,114.265,-0.65,-0.872
2025-06-16,129.1133,132.5177,114.79,-0.063,-0.417
2025-06-17,128.2824,131.6649,114.2312,-0.706,-0.902
2025-06-18,128.2105,131.5911,114.274,-0.761,-0.865
2025-06-20,127.9315,131.3047,113.9851,-0.977,-1.115
2025-06-23,128.6252,132.0168,114.7537,-0.44,-0.448
2025-06-24,129.7107,133.1309,115.7646,0.0,0.0
2025-06-25,129.9253,133.3512,115.7366,0.0,-0.024
2025-06-26,130.5956,134.0391,116.477,0.0,0.0
2025-06-27,130.6302,134.0747,116.7122,0.0,0.0
2025-06-30,131.188,134.6471,117.1913,0.0,0.0
2025-07-01,130.6864,134.4011,117.1415,-0.382,-0.042
2025-07-02,131.3126,135.0451,117.373,0.0,0.0
2025-07-03,131.6611,135.4035,117.7191,0.0,0.0
2025-07-07,130.8958,134.6164,116.8937,-0.581,-0.701
2025-07-08,130.9459,134.668,116.986,-0.543,-0.623
2025-07-09,131.6367,135.3784,117.5554,-0.018,-0.139
2025-07-10,131.8339,135.5812,117.7343,0.0,0.0
2025-07-11,131.8841,135.6328,117.209,0.0,-0.446
2025-07-14,132.0967,135.8515,117.3197,0.0,-0.352
2025-07-15,131.5663,135.306,116.8583,-0.402,-0.744
2025-07-16,132.1014,135.8563,117.2046,0.0,-0.45
2025-07-17,132.4615,136.2266,117.5861,0.0,-0.126
2025-07-18,132.3999,136.1633,117.5836,-0.046,-0.128
2025-07-21,132.8253,136.6008,117.9452,0.0,0.0
2025-07-22,133.0676,136.85,118.1203,0.0,0.0
2025-07-23,133.5043,137.2991,118.8537,0.0,0.0
2025-07-24,133.4284,137.2211,118.6664,-0.057,-0.158
2025-07-25,133.4026,137.1945,118.9355,-0.076,0.0
2025-07-28,133.2029,136.9891,118.5386,-0.226,-0.334
2025-07-29,133.1831,136.9688,118.6423,-0.241,-0.247
2025-07-30,132.7458,136.519,118.2927,-0.568,-0.54
2025-07-31,132.4435,136.2081,117.9284,-0.795,-0.847
2025-08-01,131.4911,135.2286,117.4656,-1.508,-1.236
2025-08-04,132.7719,136.5459,118.4998,-0.549,-0.366
2025-08-05,132.4584,136.2235,118.3498,-0.783,-0.492
2025-08-06,133.1002,136.8835,118.818,-0.303,-0.099
2025-08-07,133.5086,137.3035,118.9396,0.0,0.0
2025-08-08,133.8621,137.667,119.2823,0.0,0.0
2025-08-11,133.7464,137.5481,119.1407,-0.086,-0.119
2025-08-12,134.6287,138.4555,119.9266,0.0,0.0
2025-08-13,135.2472,139.0915,120.4257,0.0,0.0
2025-08-14,134.6816,138.5099,120.1834,-0.418,-0.201
2025-08-15,134.4739,138.2963,120.1223,-0.572,-0.252
2025-08-18,134.4504,138.2721,120.0876,-0.589,-0.281
2025-08-19,133.6791,137.4788,119.8463,-1.159,-0.481
2025-08-20,133.6565,137.4556,119.7809,-1.176,-0.535
2025-08-21,133.2005,136.9866,119.3834,-1.513,-0.866
2025-08-22,134.9232,138.7583,120.7518,-0.24,0.0
2025-08-25,134.126,137.9385,120.2431,-0.829,-0.421
2025-08-26,134.4275,138.2485,120.4819,-0.606,-0.223
2025-08-27,134.5852,138.4108,120.5678,-0.489,-0.152
2025-08-28,135.0038,138.8412,120.8972,-0.18,0.0
2025-08-29,134.2928,138.11,120.447,-0.706,-0.372
2025-09-02,134.0987,137.9104,119.8158,-0.849,-0.894
2025-09-03,134.7119,138.5411,120.2694,-0.396,-0.519
2025-09-04,135.1613,139.0032,120.9497,-0.063,0.0
2025-09-05,135.572,139.4256,121.1997,0.0,0.0
2025-09-08,136.1843,140.0553,121.7151,0.0,0.0
2025-09-09,136.236,140.1084,121.7143,0.0,-0.001
2025-09-10,136.6813,140.5664,121.9847,0.0,0.0
2025-09-11,137.4453,141.3521,122.7693,0.0,0.0
2025-09-12,137.5872,141.498,122.6193,0.0,-0.122
2025-09-15,138.1571,142.0842,123.1626,0.0,0.0
2025-09-16,138.25,142.1797,123.1234,0.0,-0.032
2025-09-17,137.9958,141.9182,122.9651,-0.184,-0.16
2025-09-18,138.3957,142.3296,123.0985,0.0,-0.052
2025-09-19,138.5471,142.4852,123.2669,0.0,0.0
2025-09-22,138.8719,142.8193,123.5319,0.0,0.0
2025-09-23,138.6331,142.5737,123.3285,-0.172,-0.165
2025-09-24,138.3329,142.2649,122.9171,-0.388,-0.498
2025-09-25,137.7198,141.6344,122.4824,-0.83,-0.85
2025-09-26,138.0883,142.0134,122.8656,-0.564,-0.539
2025-09-29,138.9268,142.8757,123.2623,0.0,-0.218
2025-09-30,139.237,143.1947,123.5383,0.0,0.0
2025-10-01,139.6081,143.8641,124.0112,0.0,0.0
2025-10-02,139.9962,144.264,124.1665,0.0,0.0
2025-10-03,140.227,144.5019,124.2955,0.0,0.0
2025-10-06,141.0483,145.3482,124.4054,0.0,0.0
2025-10-07,140.5805,144.8662,124.1262,-0.332,-0.224
2025-10-08,141.4958,145.8093,124.5118,0.0,0.0
2025-10-09,140.7633,145.0545,124.1251,-0.518,-0.311
2025-10-10,138.1657,142.3778,122.4045,-2.353,-1.692
2025-10-13,139.9222,144.1878,123.5888,-1.112,-0.741
2025-10-14,139.626,143.8826,123.5961,-1.321,-0.735
2025-10-15,140.225,144.4998,123.9943,-0.898,-0.416
2025-10-16,140.1895,144.4633,123.9659,-0.923,-0.438
2025-10-17,140.1432,144.4155,124.1544,-0.956,-0.287
2025-10-20,141.7127,146.0329,124.9838,0.0,0.0
2025-10-21,141.011,145.3097,124.7985,-0.495,-0.148
2025-10-22,140.3824,144.662,124.567,-0.939,-0.334
2025-10-23,140.9716,145.2692,124.8916,-0.523,-0.074
2025-10-24,141.6071,145.9241,125.4513,-0.075,0.0
2025-10-27,142.6006,146.9479,126.2709,0.0,0.0
2025-10-28,142.6737,147.0231,126.4305,0.0,0.0
2025-10-29,142.374,146.7144,126.1275,-0.21,-0.24
2025-10-30,141.4404,145.7522,125.3413,-0.864,-0.862
2025-10-31,141.7797,146.102,125.4127,-0.627,-0.805
2025-11-03,141.8436,146.1678,125.5251,-0.582,-0.716
2025-11-04,140.1465,144.4189,124.6314,-1.771,-1.423
2025-11-05,140.7525,145.0434,124.81,-1.347,-1.282
2025-11-06,139.7769,144.038,124.3722,-2.03,-1.628
2025-11-07,140.0256,144.2943,124.445,-1.856,-1.57
2025-11-10,141.7169,146.0372,125.5175,-0.671,-0.722
2025-11-11,141.8153,146.1386,125.9087,-0.602,-0.413
2025-11-12,142.0444,146.3747,126.0112,-0.441,-0.332
2025-11-13,140.3831,144.6628,124.7594,-1.605,-1.322
2025-11-14,139.8821,144.1464,124.6527,-1.957,-1.406
2025-11-17,138.9483,143.1842,123.8995,-2.611,-2.002
2025-11-18,138.4552,142.6761,123.3143,-2.957,-2.465
2025-11-19,138.5095,142.732,123.4078,-2.919,-2.391
2025-11-20,137.2129,141.3959,122.4095,-3.827,-3.18
2025-11-21,137.7148,141.9131,123.2572,-3.476,-2.51
2025-11-24,139.317,143.5641,124.1754,-2.353,-1.784
2025-11-25,139.834,144.097,124.9794,-1.99,-1.148
2025-11-26,140.7098,144.9994,125.6145,-1.376,-0.645
2025-11-28,141.2111,145.516,125.9245,-1.025,-0.4
2025-12-01,140.433,144.7142,125.3985,-1.57,-0.816
2025-12-02,141.0056,145.3042,125.5714,-1.169,-0.68
2025-12-03,141.3898,145.7001,125.9228,-0.9,-0.402
2025-12-04,141.3026,145.6102,125.9254,-0.961,-0.4
2025-12-05,141.2607,145.5671,126.0107,-0.99,-0.332
2025-12-08,141.1152,145.4172,125.7322,-1.092,-0.552
2025-12-09,141.3171,145.6252,125.6239,-0.951,-0.638
2025-12-10,141.922,146.2486,126.3715,-0.527,-0.047
2025-12-11,142.0392,146.3693,126.5639,-0.445,0.0
2025-12-12,141.0412,145.3409,125.6827,-1.144,-0.696
2025-12-15,140.6586,144.9466,125.7571,-1.412,-0.637
2025-12-16,140.5878,144.8737,125.5719,-1.462,-0.784
2025-12-17,139.746,144.0063,124.8368,-2.052,-1.365
2025-12-18,140.3918,144.6717,125.5237,-1.599,-0.822
2025-12-19,141.4466,145.7586,126.0561,-0.86,-0.401
2025-12-22,142.0785,146.4099,126.5054,-0.417,-0.046
2025-12-23,142.5338,146.879,126.8941,-0.098,0.0
2025-12-24,142.7231,147.0741,127.2066,0.0,0.0
2025-12-26,143.025,147.3852,127.2936,0.0,0.0
2025-12-29,142.2471,146.5836,127.1042,-0.544,-0.149
2025-12-30,142.2441,146.5804,127.0642,-0.546,-0.18
2025-12-31,141.5843,145.9006,126.4485,-1.007,-0.664
2026-01-02,141.9109,146.5301,126.8911,-0.779,-0.316
2026-01-05,143.2019,147.8632,127.5938,0.0,0.0
2026-01-06,143.6347,148.31,127.9867,0.0,0.0
2026-01-07,143.2276,147.8898,127.7461,-0.283,-0.188
2026-01-08,143.0865,147.7441,127.6652,-0.382,-0.251
2026-01-09,143.7733,148.4532,128.3016,0.0,0.0
2026-01-12,144.4238,149.1249,128.5783,0.0,0.0
2026-01-13,144.4502,149.1521,128.3728,0.0,-0.16
2026-01-14,144.5939,149.3005,128.34,0.0,-0.185
2026-01-15,144.4986,149.2021,128.4439,-0.066,-0.104
2026-01-16,144.298,148.995,128.3327,-0.205,-0.191
2026-01-20,142.7626,147.4096,126.7996,-1.266,-1.383
2026-01-21,144.0543,148.7433,127.8105,-0.373,-0.597
2026-01-22,144.7268,149.4377,128.2564,0.0,-0.25
2026-01-23,144.9987,149.7184,128.4829,0.0,-0.074
2026-01-26,145.2998,150.0294,128.9179,0.0,0.0
2026-01-27,146.5417,151.3117,129.5031,0.0,0.0
2026-01-28,147.0041,151.7891,129.3539,0.0,-0.115
2026-01-29,146.5228,151.2922,129.3238,-0.327,-0.138
2026-01-30,144.467,149.1694,128.7056,-1.726,-0.616
2026-02-02,143.9495,148.6351,129.0841,-2.078,-0.324
2026-02-03,144.0765,148.7662,128.7188,-1.992,-0.606
2026-02-04,143.2814,147.9453,128.4168,-2.532,-0.839
2026-02-05,141.2738,145.8724,127.6844,-3.898,-1.404
2026-02-06,143.9948,148.6819,129.2604,-2.047,-0.187
2026-02-09,145.0198,149.7403,129.8839,-1.35,0.0
2026-02-10,144.6567,149.3653,129.9574,-1.597,0.0
2026-02-11,144.9059,149.6226,130.0619,-1.427,0.0
2026-02-12,143.2232,147.8852,129.2113,-2.572,-0.654
2026-02-13,144.0126,148.7003,129.4848,-2.035,-0.444
2026-02-17,143.5519,148.2246,129.5097,-2.348,-0.425
2026-02-18,144.1507,148.8429,129.8036,-1.941,-0.199
2026-02-19,144.1221,148.8133,129.6499,-1.96,-0.317
2026-02-20,145.2142,149.941,130.3371,-1.218,0.0
2026-02-23,144.5065,149.2103,129.7838,-1.699,-0.424
2026-02-24,145.0895,149.8122,130.2901,-1.302,-0.036
2026-02-25,146.3164,151.0791,130.9669,-0.468,0.0
2026-02-26,145.7682,150.513,130.6731,-0.841,-0.224
2026-02-27,145.6611,150.4024,130.4908,-0.914,-0.363
2026-03-02,145.5897,150.3287,129.83,-0.962,-0.868
2026-03-03,143.3358,148.0014,128.3745,-2.495,-1.979
2026-03-04,144.5735,149.2795,128.9614,-1.653,-1.531
2026-03-05,143.4628,148.1326,128.0297,-2.409,-2.243
2026-03-06,142.7798,147.4273,127.037,-2.874,-3.001
2026-03-09,143.6994,148.3769,127.9396,-2.248,-2.311
2026-03-10,143.8176,148.4989,127.7514,-2.168,-2.455
2026-03-11,143.7098,148.3877,127.4422,-2.241,-2.691
2026-03-12,142.1657,146.7932,125.9617,-3.291,-3.822
2026-03-13,141.5418,146.1491,125.3939,-3.716,-4.255
2026-03-16,142.8833,147.5343,126.5912,-2.803,-3.341
2026-03-17,143.3563,148.0227,126.9453,-2.481,-3.071
2026-03-18,141.5418,146.1491,125.5969,-3.716,-4.1
2026-03-19,140.7085,145.2886,125.4869,-4.283,-4.184
2026-03-20,138.6925,143.207,123.5789,-5.654,-5.641
2026-03-23,139.5133,144.0545,124.9223,-5.096,-4.615
2026-03-24,138.9788,143.5026,124.415,-5.459,-5.003
2026-03-25,140.0581,144.6171,125.2512,-4.725,-4.364
2026-03-26,137.9271,142.4167,123.4586,-6.175,-5.733
2026-03-27,137.179,141.6443,122.4713,-6.684,-6.487
2026-03-30,137.0881,141.5504,122.5411,-6.745,-6.434
2026-03-31,139.5624,144.1053,124.828,-5.062,-4.687
2026-04-01,140.1425,144.9942,125.5367,-4.668,-4.146
2026-04-02,139.9214,144.7655,125.5316,-4.818,-4.15
2026-04-06,140.592,145.4593,125.8394,-4.362,-3.915
2026-04-07,140.6668,145.5367,125.9613,-4.311,-3.822
2026-04-08,143.1091,148.0635,128.3743,-2.65,-1.98
2026-04-09,143.5692,148.5395,128.6504,-2.337,-1.769
2026-04-10,143.7548,148.7316,128.6052,-2.21,-1.803
2026-04-13,144.5274,149.5309,129.4262,-1.685,-1.176
2026-04-14,145.8089,150.8567,130.4841,-0.813,-0.369
2026-04-15,146.2967,151.3614,130.7904,-0.481,-0.135
2026-04-16,146.5668,151.6409,130.8269,-0.297,-0.107
2026-04-17,147.7975,152.9143,132.0486,0.0,0.0
2026-04-20,147.4521,152.5569,131.8236,-0.234,-0.17
2026-04-21,146.4663,151.537,130.7906,-0.901,-0.953
2026-04-22,147.97,153.0927,131.6306,0.0,-0.317
2026-04-23,147.2932,152.3924,131.0399,-0.457,-0.764
2026-04-24,148.3052,153.4395,131.8088,0.0,-0.182
2026-04-27,148.234,153.3658,131.7688,-0.048,-0.212
2026-04-28,147.5633,152.672,131.3388,-0.5,-0.538
2026-04-29,147.498,152.6043,130.8989,-0.544,-0.871
2026-04-30,148.4407,153.5797,132.096,0.0,0.0
2026-05-01,148.9787,154.1363,132.2986,0.0,0.0
2026-05-04,148.7262,153.8751,131.6943,-0.169,-0.457
2026-05-05,149.8651,155.0534,132.5915,0.0,0.0
2026-05-06,151.5083,156.7534,134.3007,0.0,0.0
2026-05-07,150.9489,156.1748,133.5503,-0.369,-0.559
2026-05-08,152.2549,157.5259,134.5216,0.0,0.0
2026-05-11,152.6999,157.9864,134.5095,0.0,-0.009
2026-05-12,151.848,157.105,133.9127,-0.558,-0.453
2026-05-13,152.457,157.735,134.5209,-0.159,-0.001
2026-05-14,153.1219,158.4229,134.9324,0.0,0.0
2026-05-15,151.2444,156.4805,133.3346,-1.226,-1.184
2026-05-18,150.9823,156.2093,133.3921,-1.397,-1.141
2026-05-19,150.2291,155.43,132.631,-1.889,-1.706
2026-05-20,151.5076,156.7528,133.9308,-1.054,-0.742
2026-05-21,151.7647,157.0188,134.2243,-0.886,-0.525
2026-05-22,151.7608,157.0148,134.4597,-0.889,-0.35
2026-05-26,153.0626,158.3616,135.5099,-0.039,0.0
2026-05-27,152.7216,158.0088,135.4693,-0.261,-0.03
2026-05-28,153.1626,158.4651,135.9403,0.0,0.0
2026-05-29,153.4216,158.7331,136.1223,0.0,0.0
2026-06-01,153.6873,159.008,136.3319,0.0,0.0
2026-06-02,153.6388,158.9577,136.6362,-0.032,0.0
2026-06-03,152.7765,158.0656,135.8525,-0.593,-0.574
2026-06-04,152.5854,157.8679,136.1951,-0.717,-0.323
2026-06-05,148.5095,153.6509,133.4175,-3.369,-2.356
2026-06-08,149.5731,154.7513,133.774,-2.677,-2.095
2026-06-09,148.9977,154.156,133.7441,-3.051,-2.117
2026-06-10,147.3539,152.4553,132.4148,-4.121,-3.09
2026-06-11,149.8964,155.0858,134.527,-2.467,-1.544
2026-06-12,150.353,155.5582,134.8863,-2.17,-1.281
2026-06-15,152.6651,157.9503,136.341,-0.665,-0.216
2026-06-16,151.6848,156.9361,135.9621,-1.303,-0.493
2026-06-17,150.514,155.7248,134.9249,-2.065,-1.252
2026-06-18,151.8817,157.1398,135.9489,-1.175,-0.503
2026-06-22,151.8234,157.0795,135.7383,-1.213,-0.657
2026-06-23,149.1777,154.3422,134.1157,-2.934,-1.845
2026-06-24,148.6988,153.8467,134.2646,-3.246,-1.736
2026-06-25,149.1148,154.2772,134.5412,-2.975,-1.533
2026-06-26,148.4828,153.6233,134.1017,-3.386,-1.855
2026-06-29,149.8562,155.0442,135.1763,-2.493,-1.068
2026-06-30,150.5929,155.8064,135.6391,-2.013,-0.73
2026-07-01,149.6981,155.191,135.1492,-2.596,-1.088
2026-07-02,149.627,155.1173,135.2356,-2.642,-1.025
2026-07-06,151.1074,156.6521,136.1365,-1.679,-0.366
2026-07-07,150.058,155.5641,135.1595,-2.362,-1.081
2026-07-08,149.751,155.2458,134.8379,-2.561,-1.316
2026-07-09,150.6924,156.2218,135.5092,-1.949,-0.825
2026-07-10,151.0742,156.6176,135.8547,-1.7,-0.572
2026-07-13,149.5806,155.0692,134.7361,-2.672,-1.391
2026-07-14,150.6297,156.1568,135.369,-1.99,-0.927
2026-07-15,150.8421,156.377,135.776,-1.851,-0.63
2026-07-16,149.7685,155.264,135.1844,-2.55,-1.063
2026-07-17,149.0505,154.5196,134.4519,-3.017,-1.599
2026-07-20,149.0762,154.5463,134.1474,-3.0,-1.822
2026-07-21,150.5477,156.0718,134.9137,-2.043,-1.261
2026-07-22,150.3739,155.8916,134.7616,-2.156,-1.372
2026-07-23,149.1184,154.59,133.7186,-2.973,-2.135
2026-07-24,148.7258,154.183,133.7352,-3.228,-2.123
2026-07-27,148.861,154.3231,133.9836,-3.14,-1.941
2026-07-28,148.2736,153.7143,134.0761,-3.523,-1.874
2026-07-29,147.0304,152.4254,132.7943,-4.331,-2.812
2026-07-30,148.9738,154.4401,134.4608,-3.067,-1.592
2026-07-31,148.9983,154.4656,134.6467,-3.051,-1.456
